"entropy","lumpiness","stability","hurst","trend","spikiness","linearity","curvature","e_acf1","y_acf1","diff1y_acf1","diff2y_acf1","y_pacf5","diff1y_pacf5","diff2y_pacf5","nonlinearity","lmres_acf1","ur_pp","ur_kpss","N","y_acf5","diff1y_acf5","diff2y_acf5","alpha","beta"
0.683497657455953,0.0399546233820167,0.976978368533345,0.984992566040397,0.985037145834226,1.31587544091118e-06,4.45991037255948,0.705482536146542,-0.0603430296741932,0.833226654734018,-0.0161338159119442,-0.158582396321772,0.731771844737172,0.467809938416906,0.78726674662512,0.0978867611162022,0.437370245188975,1.60022444698407,0.210702707929957,22,1.83657277454208,0.436350584823282,0.600839226086238,0.135037673547759,0.135037673397943
0.711193884594802,0.0790042727822758,0.894255106767975,0.987565059747971,0.988631443121154,1.53775065043132e-06,4.47231370938923,0.613149138918628,0.272472398771379,0.906064380531654,0.28997786903079,-0.234095654271888,0.913482959346606,0.368578451818129,0.308741176937979,8.03078489693504,0.72996604676536,-0.331484959729287,0.168175577820038,23,2.19296411867313,0.252376844518736,0.37553426060274,0.99989995844442,0.543714833795018
0.71594494227486,0.0160231142681302,0.857564169654497,0.986974444003877,0.988952632177992,1.13248467441102e-06,4.59754888178808,0.694528860351766,0.171942269664957,0.868782268335294,0.085561230931686,-0.0578027348955441,0.800351942860125,0.363300075325652,0.402770933653078,1.87585478181386,0.672346189489546,0.761913821483344,0.203610991110467,23,1.95916715403442,0.374431595467739,0.463100154214607,0.44138629211507,0.13545017039301
0.761469292273907,0.00201241441330447,1.31884441977018,0.981880506726781,0.957394881362662,8.96411875266111e-06,4.48121696905057,0.0734893395696219,-0.395970478496368,0.824286059410143,-0.602793241178737,-0.736617172994907,0.802914193795599,0.408285491293104,0.754702446216487,1.06354892512846,0.0139556591127118,0.00665473602348454,0.0865467761988967,23,2.04932977839353,0.480717602673503,0.705171222835023,0.000100089286829681,0.000100088583623995
0.628280885449247,0.00111996530676746,0.445571614672535,0.992689033679947,0.973188149626922,1.80401381002485e-06,5.76604804137857,1.21117885987797,0.0112697338377469,0.928170894153419,-0.179725865602702,-0.401294399255404,0.921104918634529,0.0870958018845516,0.251430985924398,2.42522203592969,0.664191007470804,-0.426695212601058,0.202028154950664,39,2.87271433167357,0.097635609473176,0.199638355443142,0.677477567897775,0.0326474989953072
0.707956698866038,0.00774285950251153,0.578471552178668,0.985972664712227,0.97505174625457,3.30504317655497e-06,4.74505718364556,0.747563466494008,-0.385361144087499,0.839546139352763,-0.560361991358061,-0.72372407416297,0.751668748539387,0.398143189017062,1.04840153986084,0.29465501854566,0.344410878396266,0.664898414234826,0.203477582055273,25,1.93440951296682,0.345260890741526,0.619392800153282,0.141399669735826,0.14134033456525
0.869712547429881,0,0,0.943052353003395,0.975055118387425,4.95052120063552e-06,2.94175082236303,0.391387607292975,0.0868440181199883,0.681590662082204,0.131250635560167,-0.332854781890977,0.549747203771046,0.225313288205077,0.599201943434056,2.9510715100096,0.352629495774623,1.32429333461399,0.145025177026869,10,0.626652153900036,0.212635365646302,0.333909177971283,0.000100005065654551,0.000100001229393162
0.896802694905681,0,0,0.948777149550033,0.977835719777369,2.39295775827474e-06,3.10921739550664,-0.360254312929847,0.2201971220455,0.645047259308374,0.201900879456372,-0.256296923731058,0.467036431757037,0.221012495455434,0.271947832531556,10.6725522753982,0.467511707735001,-0.954636595010857,0.123483780852107,11,0.585171219543875,0.192000694287317,0.32806179152789,0.000100010195639261,0.000100000460412176
0.890291288966982,0,0,0.930917659153474,0.983094010686153,5.08977941574398e-06,2.74346138179427,0.38109565787148,0.198237445611861,0.64327474982932,0.159442267382847,-0.506527032504165,0.529716266531139,0.276145370365284,0.645538016338665,2.43901258474095,0.474993468555445,1.21158383315915,0.133393692004966,9,0.635151768534928,0.272272991092704,0.526921732743855,0.999899938479831,0.000100000756419911
0.694814307427786,0.0187867814694131,1.05247748888937,0.98725481987063,0.955748853224389,8.44248949022732e-06,4.69664592931435,-1.57077353319642,0.445494857644808,0.874001393269216,0.262898483741311,-0.329680712386097,0.778792224341366,0.165890736328265,0.332815900562536,2.0625552404479,0.845129914722737,-2.44964959777678,0.177990693018755,30,2.13092475705749,0.178967678658839,0.277456451485363,0.973443874814593,0.000100023881744666
0.692002310060495,0.0733218752002806,1.10827766626634,0.985099895416116,0.996973876395727,2.72638825093994e-08,4.35225643965746,0.979741735632486,-0.0892449757419815,0.843135742132443,0.287847287406574,-0.425953052243566,0.73054137565621,0.230685685445696,0.610882098102569,0.80231760697248,0.73336188858716,1.70479992368969,0.211066128138374,21,1.7231508771521,0.280157495263895,0.406171758979468,0.314561625710609,0.314561601408819
0.627500267900122,0.00540440255083034,0.253395407312006,0.989611271502723,0.994929923247396,1.19231930853497e-07,4.98019234618093,1.51929102690045,0.193181606436254,0.853707774736499,0.359490883055562,-0.242742952049625,0.735981632160061,0.174384614660217,0.161218272089954,1.67624636377127,0.72768180858611,2.87155725752741,0.258375204060932,28,2.10543915305745,0.28860997758404,0.145810497407927,0.999899934214438,0.410399641576198
0.562642655969202,0.0187597279532778,0.90352338292338,0.995545120759102,0.993972213313354,5.16525595209966e-08,5.91993009341527,3.64535692537016,-0.120107179159432,0.933444581749046,-0.0995693783500468,-0.668315812628675,0.904790036978839,0.312271942897062,0.880113314371744,2.72561480429131,0.927009141968031,2.25028862747495,0.337399006693721,52,3.13000622343725,0.28876302447668,0.620139146846708,0.551018157368738,0.199432908335844
0.696185043365093,0.0689297177217185,1.37670881232259,0.985705937106399,0.989334709758056,1.4495189164824e-06,4.16934846789475,0.721031482097962,0.187563857244587,0.895339130639552,0.086133268633899,-0.461178633993297,0.912707772935632,0.0677785652058615,0.537551081417222,5.47607432359679,0.716681652140328,0.38359508617112,0.161919918633334,21,2.17769047895985,0.0736722310509956,0.254712640625976,0.431520961235528,0.431520863573042
0.784670333547799,0,0,0.961903175237451,0.976955260608057,7.08470322044821e-06,3.12632958260248,0.616948441715427,0.0440208680707744,0.779344275540725,0.19015713803529,-0.311931295938472,0.729172608635639,0.162533262374643,0.213521835852262,4.17579558741658,0.420091347554639,1.2909364237495,0.149084456185991,12,0.910278959447691,0.113057670704755,0.241405855511542,0.868773273313471,0.000100008568424647
0.686008699763408,0.00117697682624426,1.33413640207435,0.985900556846231,0.997074632808681,5.3755481983629e-08,4.45958055331607,-0.0327275165302327,0.131795946613558,0.857901670539302,-0.155220292594391,-0.517947020199099,0.761151285291739,0.105325275117937,0.524015005812915,0.799582861798505,0.427699470637223,0.110145770218969,0.0816376905996225,21,1.85610248790039,0.065016449209167,0.277624166697885,0.703926596441922,0.000100003554839897
0.827920615777494,0.103737591189666,0.329570191141769,0.968134548728698,0.877502927112313,0.000105391071347551,3.93130040581919,-0.450898457259214,0.0249644903703388,0.69495662038598,-0.211516197448469,-0.570751616991159,0.54415074512059,0.0943450105564287,0.708355992273839,0.384365141105576,0.512937107867743,-4.6140417799508,0.100481620981984,23,0.805195889796713,0.10608438338523,0.424170760836953,0.778134358877094,0.035153972625667
0.717889039310997,0.0587182335553393,1.12942970535003,0.981304103657565,0.95415668600884,1.04869492068286e-05,4.47105705214961,0.558001065366194,-0.0435318287309294,0.814465685324625,-0.144227468584838,-0.257102750607798,0.786963682803227,0.396859738977782,0.487818321909437,4.25709335942049,0.243650764185202,0.70817796732458,0.136057243491428,22,1.88950901542442,0.578099242136407,0.482646221234111,0.426261557200017,0.0369556067820185
0.724860935386596,0.012611345975085,1.35570872272424,0.983294701841104,0.972469914301327,2.41868335164525e-06,4.35396260287471,-0.357806541981911,-0.0551477581545504,0.845478492553078,-0.274449269222261,-0.403513123615071,0.751558210610026,0.358201274958135,0.458856417598999,0.806209206829142,0.117854837734136,-0.997571848950392,0.130526171769005,21,1.74144819185583,0.168996515020238,0.25991361832756,0.000321747205462982,0.000321746801267677
0.762331732733235,0.0480332084893492,1.32089572406664,0.975575458576284,0.878792242437223,3.9611128266703e-05,4.21730786226239,0.0648733941390351,0.399911591473957,0.833895290880251,0.133052325328481,-0.393671096008256,0.801159514025931,0.230248773995887,0.361341498169217,2.18226147392385,0.598503390876566,-3.08043405089114,0.067245041756537,22,1.39952075414008,0.25044640639553,0.183334372105941,0.999899929961213,0.0001000021913088
0.829600979820535,0,0,0.960186636399625,0.927204403713993,9.02234789078329e-05,-2.79672318003808,-1.23031271038482,0.52380703486734,0.80367305929496,0.562999674638728,0.121716102419403,0.866321220919249,0.508789613202462,0.223997944041658,1.82373872535045,0.720261467673122,0.0757406517351783,0.132693233275354,13,1.04973710929258,0.4780107848427,0.171680171928972,0.999899985228296,0.999899916058807
0.783113181739419,0,0,0.970165669611903,0.991350914268017,1.15861343662113e-06,3.60691224889811,-0.139646108365258,0.139042294572533,0.751427089959508,-0.149721990530479,-0.542959340428278,0.59135052460126,0.118361503791303,0.525869754838688,0.514504762335552,0.370039108434317,-0.4348412050019,0.090405960507277,14,0.955949252490975,0.0892035972822609,0.322002462249073,0.0168651517493313,0.0168651409291337
0.753706994787372,0,0,0.973798796736892,0.964130799645067,5.97903756692542e-06,3.52674094360048,-1.29457864922624,0.49499155064319,0.778987267831359,0.640626726176308,0.252657324527872,0.637379797749223,0.673953185034705,0.296881062790573,0.874623775885186,0.545898651407799,-3.68752272554667,0.142463112632232,17,1.21746288731758,0.502656650484935,0.20356641720864,0.781276708859403,0.781276687047527
0.962029724681352,0,0,0.518089839740254,0.27324481485136,0.0173296447324858,-1.07150745731237,-0.319304043280102,-0.00172922756554165,0.209464605050297,0.171203681202888,0.170870675842071,0.120730619945776,0.164900302759852,0.0614547110653111,16.2217604818704,0.0440222918698895,-14.566345728635,0.100123824345539,13,0.0942444673907801,0.120688711278836,0.0574011448589231,0.00010001192734762,0.000100000282559915
0.784754354252252,1.11191212938481,0.604766940285524,0.959692540107045,0.855181173075528,9.9216789158362e-05,-1.81377841818897,-1.07843166042852,0.668373904034784,0.786650276809043,0.641102103845549,-0.125486586188671,0.912681560409174,0.63375541126725,0.112547184407499,1.21510576954615,0.632672686189694,-7.38618527491847,0.0817020687190594,22,0.864538240734714,0.665599587010531,0.101174801403692,0.999793382938737,0.000100002329279518
0.9015994601794,0,0,0.892640017795902,0.722976752726488,0.000646937412179801,1.45888546800139,2.00468551782684,0.0796784137927964,0.640776807656735,-0.00809569940310091,-0.418896004291899,0.549495730143299,0.0268907284707548,0.45836398586077,0.587285670510857,0.565346957155494,-3.95245256605372,0.139713744513144,13,0.660811976674433,0.0301461372848413,0.233893453418237,0.966110936505714,0.000100000450550121
0.915936421401408,0,0,0.842690592210317,0.634051909158131,0.00112305680986483,0.619953204278704,2.12594941509841,0.0432446287010359,0.562954932256244,-0.0529171585647064,-0.437320506625076,0.436608385110983,0.0703773952239438,0.502325904688365,0.21245782832635,0.535511022519625,-5.33033924252301,0.137195200797056,13,0.555902297409663,0.0614391810072061,0.376021839545851,0.899801918168923,0.000100002594369901
0.967018296262236,2.31023464631592,0.0722529692549318,0.573230589866433,0.258966622007765,0.0080181753147779,-0.580360817124634,1.22132254329797,-0.197974102810138,0.122570610139201,-0.442353078076189,-0.422851297863084,0.0638083553618349,0.318815183187296,0.230551504544844,0.102342206096008,0.0707837678996208,-31.6784322233641,0.0994287793880834,33,0.0663077546356962,0.211958079993611,0.193934810249885,0.285863950694174,0.000285587713612747
0.782264102218805,0.249245277751932,0.741792448394226,0.970747583182123,0.891174817601692,5.50389966997005e-05,3.57837800438161,-1.30660422593528,0.275753452216837,0.741926254392905,0.00200571898179486,-0.456602465501881,0.572806658656481,0.0635070040556979,0.318717495678394,0.574819856126829,0.5687036400692,-4.26370742825203,0.130768609099638,20,0.915205284845002,0.0620174136559849,0.303258904077752,0.893089159356127,0.000100009766541349
0.796072690436699,0.339220130142458,0.872395293958457,0.969919037173932,0.867564236483741,5.19769376421054e-05,3.42786248555357,-2.00780271422686,0.189897443284593,0.751089570609658,-0.00767423693187878,-0.281444058277902,0.706392854153895,0.0430093236380645,0.323457016852568,1.15850864417916,0.593847746832162,-4.75918423532524,0.167307173707045,22,1.00100643539106,0.0363781593092503,0.166438783431158,0.9998998761199,0.000100002853646777
0.873370948844482,0.448182038262762,0.76398452590583,0.795435363438958,0.413392810218925,0.00512052512267745,-2.57399109937655,0.297070173612347,-0.0625432754823739,0.445965216128379,0.0613295522011744,0.072861177620284,0.291580289617147,0.210504332095062,0.20159884573244,4.94997796210415,0.0300613994354198,-15.5086625271622,0.0901138719281854,22,0.375058970099919,0.188927926227419,0.156015636207906,0.000100022801645768,0.000100015981242432
0.947896891868349,0,0,0.862653749800845,0.629907569999304,0.00223295809345967,2.75919240593073,0.153489313230049,-0.165697113341782,0.529119898681729,-0.291649292007458,-0.394258248895817,0.38489563745743,0.426584487962939,0.312494198557132,4.03338236063272,-0.129387907130056,-5.57098195835279,0.0713813191289216,14,0.336179912612415,0.332674307110245,0.517227436848432,0.000100006329185683,0.000100002489556079
0.692770490353062,4.19220163261737e-06,1.02856186471358,0.985932693883661,0.991339670480805,4.42722558160311e-07,4.55530656117516,0.269509419770248,0.279716244011479,0.846148576737526,0.108146475966444,-0.270328670319015,0.741400532075119,0.174351873498303,0.350416200572449,0.474593874589737,0.59108696848367,0.377245772137686,0.0993694322809857,22,1.69711579215946,0.16162545923917,0.217197437270179,0.99989999186478,0.000726680399927748
0.929991859704639,2.46800225513315,0.0611037459348293,0.500045830129239,0.0355012404297266,0.0150390198429916,-0.344595410782101,0.599180301827827,-0.153377508426046,-0.0720516828761169,-0.0191169856418507,0.183512923802058,0.14704512504514,0.163765751999007,0.220163263429539,15.9279263534081,-0.107742404935713,-29.3747375358525,0.0764970554300232,22,0.131718311964407,0.145130827324612,0.149295517142299,0.000112061449494673,0.000112058633055054
0.860745135160951,0.260634393044504,0.618140707759297,0.94179722544129,0.726113706610448,0.000268512158171198,1.84422375897047,2.5504130646814,0.326676836905553,0.696540978993258,0.246220543126937,-0.117545104658746,0.751923756776489,0.378906800375189,0.668362006031334,0.501027958986325,0.563563228794978,-5.94701341366836,0.156186813571443,21,0.738743034896587,0.541468265232284,0.433660356719687,0.999899950877548,0.000100002972982404
0.929971706251679,0,0,0.733359424032819,0.367907934771965,0.00200061256401485,1.98927417571654,-1.10011751038599,0.0626248646056573,0.374094952531105,0.0708817468209209,-0.0138576864487709,0.337439536144703,0.412198584041977,0.177999579721369,0.480966960856046,0.263103657235918,-9.05071608936012,0.0918131421565484,19,0.183151636453853,0.262105366642357,0.127679247951253,0.000100009665195948,0.000100000639567051
0.941901514697861,1.32895849278146,0.103687271326195,0.875401188354629,0.63757979208349,0.000372428805564151,0.990234013055172,-1.33926687781225,0.211362601461665,0.476203463439369,0.0866801785110655,-0.295265337093782,0.531199859237962,0.333922169691778,0.708397636842957,1.86018910860515,0.495065512022629,-10.4801258122467,0.111012128645315,22,0.294229982736459,0.157406749377765,0.427063343273714,0.784083685397831,0.000100002747698812
0.682157585549428,0.0710530120274453,0.925315231621251,0.985991191007554,0.992919646942097,1.88259558125262e-07,4.46317703868266,0.879913170678188,0.121702795644315,0.847513392395372,0.10178426988483,-0.301803412852455,0.748932510985574,0.054847676149385,0.328182365663582,0.2587299981752,0.731779563162959,1.45927227398538,0.212999637369676,22,1.8842113868252,0.0648516344454797,0.14731086778648,0.235713016342271,0.235712711744213
0.701706171727645,0.122971368694549,1.0673518601295,0.98498349222249,0.992001365288465,8.0755455170278e-07,4.27980329445682,0.98897181044035,-0.0136420350831674,0.857308733993337,0.0768253214602366,-0.264241850623046,0.79737031643495,0.0742135742363906,0.198186486753182,5.55677310319282,0.766922440038947,1.16384337394327,0.201395264228568,21,1.68802981216103,0.0728087131846699,0.168182961487747,0.567121804678339,0.256250341924706
0.705390904156468,0.112220787427091,1.05888524929457,0.98394736739595,0.982031288372234,2.16017335228746e-06,4.2606031571309,0.84840160684441,0.0813281776528189,0.844321933284445,-0.0661702452568685,-0.348597167880834,0.775163398533392,0.145493396325588,0.521099179023834,2.74563604495401,0.688407602599561,0.64001030451792,0.183175022299036,21,1.69462626802896,0.122947671469576,0.296496205206428,0.879722507046415,0.000346687196475398
0.752162915876547,0.136809079819816,1.1451925173082,0.981058796762315,0.950056602531998,1.2158647296645e-05,4.18747093100517,1.1885015069306,0.168990651525544,0.848916003006273,-0.0970743873728595,-0.482551072254876,0.763800552293265,0.0199785613490393,0.461235385790094,0.932226078763115,0.677818275019921,-0.206222142048927,0.157243474188988,21,1.74435593558899,0.0176713798246069,0.247690692746576,0.873373106713524,0.000100003857645461
0.692257740284636,0.125241849150823,1.00483346031131,0.984720457279892,0.996500843959659,5.90399752526262e-08,4.24279577638856,1.23739684612337,-0.084312493544589,0.836929961709336,0.349673478609352,-0.562057999766601,0.726508458979608,0.318451725067498,0.878618536536996,0.546614609531223,0.742316566246621,2.30911620145571,0.214205457120382,21,1.6971262871738,0.55667663397997,0.475742909513474,0.36748893880063,0.367488753606068
0.686803876383416,0.0848720165582093,1.03919010009226,0.98465097489094,0.996829527198973,3.65495141545738e-08,4.33705267515751,1.11759804925283,-0.183592882534017,0.829565770272899,0.276462348321067,-0.464925272653831,0.706252634432359,0.286083927302931,0.469076756082057,0.303512429405644,0.690180592296577,2.26979598211095,0.213124033312705,21,1.68408448479111,0.395685829203772,0.310246971152039,0.491509066636971,0.385792576468753
0.850168838689865,0,0,0.945286539132808,0.873626179131045,6.46473678620276e-05,0.331135361929629,3.16216955166833,0.0519069834377865,0.652046201823462,0.106976491199376,-0.508658919776854,0.515168767066715,0.161389956081371,0.713283895225918,0.595730946634747,0.653838630381843,-3.17500947939538,0.174530076126791,17,0.654623735062163,0.145286532304709,0.457790128272945,0.527429450671598,0.331274058225134
0.669675427891116,0.15749373061562,0.359824089779337,0.990326552618653,0.909497968550138,4.85627297968808e-05,5.41486888775342,2.6821683733166,0.271276680036562,0.832386013197825,-0.0145777656051225,-0.336750165924225,0.726819888735787,0.0829031143454414,0.458733179132674,8.27867426405122,0.701466716354028,2.25090762907996,0.279045593225623,47,2.20553872616575,0.0792199790579508,0.28287702864651,0.965806405431749,0.00010002693705597
0.752763455377109,0.0304252302447666,0.614007314306267,0.978784987549751,0.956777420811602,8.41569468140657e-06,4.16630738983587,0.00444338140183695,0.328587389120977,0.773506896327997,0.0915887594574976,-0.591471919012567,0.642283781061131,0.125514532182337,0.497164530500516,1.27925781352857,0.717599210895875,-0.564141733772724,0.0968968031084403,21,1.02408489437703,0.123927108004614,0.659298821727367,0.992122861756525,0.000100011743428499
0.814180349247256,6.49542176973891e-06,0.153703545567224,0.970056338307392,0.913911221627119,4.06871551884093e-05,3.78638023735283,1.64215457804781,0.469956306973442,0.648362327594784,0.419634080819961,-0.298079037528621,0.521368827276928,0.221055661076039,0.292309022180545,4.84083372457662,0.60204344795717,3.58584701464093,0.116235297548812,22,0.484732362655757,0.258850196342575,0.147459130392012,0.999899855930696,0.434533727668442
0.770425719376665,0,0,0.977796497336132,0.956406443741212,3.28736556041899e-05,4.07645783440488,0.791657711730627,0.0577111293348956,0.793248915836899,-0.0965070664700671,-0.448408751803811,0.752904990635095,0.140258931494728,0.590418540886118,4.42618214353656,0.400779758549714,1.05845235779768,0.163491262988082,19,1.51281519570368,0.134316211950442,0.218984188797426,0.585186969640776,0.0640447191989078
0.918544015153876,0,0,0.925772896671583,0.791313799504752,0.000519376070027629,3.35658246092967,-0.347476085093297,-0.0117732271336982,0.469462173330405,-0.236414730945804,-0.629824119716536,0.29297528258543,0.0890740464499704,0.660261812052609,0.756363708721197,0.397482632260952,-4.80960009839177,0.104391842512243,19,0.310115164511713,0.0968133447152751,0.435908320863116,0.733700324638048,0.000100003253177935
0.749811251486727,0,0,0.979668119424272,0.987461600285838,1.04525065453732e-06,3.86931621187835,0.442245412940594,0.029301489540764,0.843278408601106,-0.115201673761893,-0.377810086561517,0.823938582115983,0.388832279061275,0.628262471300702,2.90328462767958,0.605648215078174,0.142642140445264,0.145538686509582,17,1.58283252673426,0.502331172938785,0.775753499398963,0.803688031073358,0.000100004628611551
0.716956624622844,0.0192195298210161,0.78996059373182,0.981335377642102,0.889122046319175,3.12610284661185e-05,5.76166075720675,2.46119195931223,-0.320460399582221,0.826146615713864,-0.545529771347268,-0.651568991202562,0.816457297571321,0.399942148992178,0.763691187886328,5.20157365206474,0.51388834038318,-3.61106995728313,0.236184198295194,44,2.57281787596962,0.318536874904869,0.460274201036587,0.402005896794806,0.000100000203839041
0.779346543058249,0,0,0.960772564890745,0.982459533398529,6.19328314184468e-06,3.135542912328,0.739051656222554,0.331587767475847,0.750079340396753,0.356986252164444,-0.350254211978449,0.650903243326953,0.258594365482135,0.368220671509607,3.35304302623432,0.660623235313786,1.35016161200165,0.142888721790309,12,0.870333438782926,0.258876240348973,0.311665666018524,0.999899977988725,0.000100001275441515
0.958105579621183,0,0,0.589888014975271,0.483992439052081,0.00236786723357602,1.42445723150727,-1.44966021102825,-0.0487554907035718,0.251672367766241,-0.0581849960105528,-0.440576633845246,0.154195995309623,0.0611414464253255,0.427067728275555,2.50640951848236,0.144022953597819,-6.2832642200695,0.130523317481535,12,0.182056958395383,0.0514111814078403,0.396458764593168,0.0278844134570134,0.0278844027331749
0.760519046055183,0,0,0.960031528672861,0.983364488025655,3.22116934779986e-06,3.25346323791136,0.348284523461137,0.0278152934420483,0.715146730781712,0.116330625543226,-0.510614945904919,0.568563206541636,0.0438536162355759,0.363482449312575,6.25169587100201,0.182734222294768,1.57359668183649,0.146369795195863,12,0.84173268271393,0.0433696110612119,0.602208025506663,0.999899949006288,0.000100014527686013
0.824317935853836,0,0,0.945283218323644,0.900805444279964,0.000218371276998748,2.95947890017547,-0.508009237859686,0.0415776445471423,0.694158055366704,-0.0861033251863662,-0.319878083585385,0.618982354505342,0.345371919806139,0.771352601410201,1.35463608516105,0.228972388818074,-1.57941457210495,0.126373836024852,12,0.678371245326498,0.348371791611314,0.295154621161698,0.0928103443338992,0.000100000634373638
0.886742695413194,0,0,0.942501158968985,0.873159280440763,0.000335190196545926,2.93469756021126,0.826145168513747,0.036711854211152,0.727344820446673,-0.181006507486159,-0.51508530531962,0.727859237254265,0.106951929922838,0.596447013427835,3.69218143920973,0.354438562720304,-0.594164131812489,0.121611471068838,12,0.811221397021336,0.0601527310992484,0.280988102271014,0.00010000579802508,0.000100000429964902
0.997951665774479,0.0977877851390462,0.508207852792259,0.597200600023806,0.358813997507824,0.00529200925855436,2.41123393632466,-0.58788414456134,-0.308002611057983,0.0567428345610393,-0.572473167670269,-0.674466225416353,0.196228556441359,0.702549189958226,1.13968457315497,0.802868885675437,-0.277025616838568,-16.7032687042387,0.0690507294435979,20,0.165933859109908,0.753824843867212,1.01576016516664,0.000245225523693985,0.000245215776342718
0.735523343786582,0,0,0.979172126898928,0.985431519150421,1.21127144038442e-06,4.15286139539565,0.412182143116736,0.336773190891749,0.785021655547876,0.252251283691444,-0.500868084393122,0.628345039257984,0.168712384443716,0.410342303613567,1.30932897882955,0.39247121291827,1.47112450002987,0.109880610758984,18,1.26808453888797,0.184570082361385,0.51837355083086,0.999899825050466,0.000100008843625594
0.866971234767246,0.112926677937227,0.00716875696071338,0.922817390519451,0.597959129948449,0.000671824005618723,3.14109495009197,1.77390547558242,0.153828755933517,0.512587237367517,0.0552234952232113,-0.218287410355057,0.328583274897866,0.241448352081665,0.232843989424504,1.27295751993039,0.426802871539785,-9.53865904529822,0.167477924418013,26,0.499256332969264,0.201172523536744,0.172948662153406,0.132553411729614,0.0987260311356326
0.934680802303151,2.39837671341669,0.462091743111306,0.74554074600794,0.246071439230496,0.00411387682437391,0.802003696787393,-1.54286021573577,0.18214885655859,0.386026149771755,-0.0764908071998802,-0.234221823788974,0.434084336474934,0.454134203087622,0.851544562327247,1.07881084904846,0.372105203046742,-20.0796338229528,0.140601702830898,39,0.31142946419847,0.512170756941518,0.51890511064743,0.23411604488391,0.000100000303618731
0.762303352417325,0.0183812057449576,0.89482418035374,0.970873950448257,0.851534688386891,3.94166926393915e-05,4.24768415873417,-0.226692763787657,-0.199503474623982,0.749512053807372,-0.369411939981668,-0.675046009306835,0.619332109368692,0.188272158292111,0.708151957299364,0.367137804337958,0.596547475641845,-6.09419406761821,0.0974418589105542,39,1.4767029531558,0.204681149725678,0.554655300534809,0.413176455926372,0.413175798679546
0.784847891633271,0.16111290914756,0.337964971617235,0.974718608942172,0.817504980610194,5.98656924543219e-05,1.33307962384579,-0.747502340208414,0.210807288460179,0.784883087204686,0.0303877661333578,-0.414171901065736,0.745329444268934,0.0629562930438361,0.44315335197024,1.76154910184968,0.773571820587082,-8.30679485903284,0.105502370224019,39,1.15644765006777,0.0660597040857207,0.246653216374509,0.991610730629302,0.000101693980162527
0.617181740577748,0.0109846993064589,0.835711435151203,0.992074783888579,0.992561866295564,1.49621971632553e-07,5.53711409805572,1.20123171392583,0.193344048297304,0.893033565132526,0.0291009479118925,-0.546926190795948,0.799406737874547,0.0191488872118498,0.535927876409269,0.148519789872219,0.75311436685183,1.57164287606752,0.204860915364033,33,2.60466778184115,0.0173418352604732,0.312185961682254,0.931533431204487,0.11441575648218
0.605056257357678,0.000319011545111549,0.393861643924102,0.993218923147686,0.989886595085788,1.51449647993787e-07,5.74968254242412,1.96695303650931,0.156990534284381,0.909252295588493,0.137143257733141,-0.299386135521828,0.855952434857206,0.100051853212116,0.342937004416229,0.487859594144649,0.829214655137875,1.99210560400665,0.248171857084245,38,2.64759050859701,0.0821443620188199,0.191014306854056,0.999899439157234,0.100204923213639
0.935328729553288,0,0,0.916211566386254,0.75305382024973,0.000552457112387289,3.54008864652703,-0.936509478267753,0.0329486690733791,0.451442056780012,-0.251202891669727,-0.58579202803555,0.239111894918132,0.104446151189141,0.637133824416743,0.543543217583245,0.234452560847801,-6.16942744935297,0.104887126930837,18,0.258383148365331,0.0759785573358843,0.369595807492498,0.00017414556424004,0.000174134250115635
0.885911206258257,0,0,0.955961048339636,0.993675632090348,8.27179612465768e-07,3.1667648558977,0.108651382941319,-0.0126253273091584,0.712301333971976,-0.245959595959596,-0.492458183990442,0.560869404060152,0.311593684865218,0.716504511232389,0.468966689955599,0.109705295626374,0.341354342594108,0.107506387439619,11,0.747472486040938,0.302206148447862,0.482173452490047,0.00290349595837052,0.0029034941336279
0.798449104324001,0,0,0.965722423331944,0.989817280035617,8.42946307562596e-07,3.33909741726436,0.704960478164939,0.0998842296641075,0.746623665959496,0.19362875195784,-0.558757214708834,0.617219367001974,0.10524916559411,0.445138267231221,2.23136464492837,0.644486109462216,1.48684164088875,0.151957932968498,13,0.912593050012626,0.115777748234975,0.444634896677814,0.466326376699066,0.466326217766132
0.816710819194298,0,0,0.966496538696472,0.93406406358821,3.96436789773235e-05,4.02700477975954,-0.765962577085885,-0.181182307164614,0.655463175714972,-0.313349688760808,-0.498266035043636,0.495995608386853,0.433166478228045,0.802906952904864,0.815137851859446,0.281123886983357,-2.3743672829963,0.132131790649336,18,0.795841865645104,0.557101168261055,0.777120903116936,0.561356902921513,0.00182395140981343
0.726824141247358,0,0,0.981886618288796,0.992842306726545,2.25556403551033e-07,4.07447812417142,0.564194089301917,0.217838733958592,0.847081710873008,0.322309064016593,-0.117183003693179,0.761662651960918,0.382048667571018,0.332725093475052,2.13685182937012,0.682889763231012,0.870912016340768,0.180461268456125,18,1.55352982587957,0.333812515674957,0.290122392140763,0.999899982298915,0.243581601948181
0.737241505914901,0,0,0.970497463255732,0.970902719120451,8.48417703535802e-06,3.74637708784621,1.59452697165784,0.258836448755672,0.653861824273961,0.460347368696586,0.0267343154052525,0.434968051861026,0.279599400045509,0.091720701976543,5.85594829164686,0.525317269778793,6.8476818151944,0.163477453170945,18,0.715688477588191,0.372977058680563,0.087587514209282,0.999899978191286,0.999892482176201
0.775795093843487,0,0,0.964368398105215,0.986556478365352,1.9945916766296e-06,3.32536212160493,1.29036369820802,0.216953663747155,0.698122676313761,0.488949211718291,-0.36851632625661,0.51487073606966,0.44574835542168,0.452724875532302,0.513969696225128,0.60251158877823,3.97470173718343,0.159441676102863,14,0.770792516084268,0.538532875914442,0.370643434358759,0.664888397361964,0.664888285176489
0.758462450256447,0,0,0.977438311473696,0.963324104431449,6.36209492925529e-06,3.93786165420008,-0.0623914659075175,-0.0265923399724819,0.794640313803724,-0.229573002601972,-0.428706031561248,0.66184304984777,0.316948101466673,0.697645066543598,0.393591823824675,0.105724985359923,0.328892541740473,0.0749611512124176,18,1.47719388170852,0.341305068200012,0.388835441213598,0.000100300643811732,0.000100300306835762
0.738118859281582,0,0,0.978789614397799,0.976398158268363,4.65637533284369e-06,3.81702918382728,0.912154127393717,0.515321024754695,0.793995467003234,0.51930300132979,0.171417236328125,0.660929393748658,0.395793866645065,0.198567234396959,9.87183896546318,0.772072928570109,1.22102930829885,0.159869385399322,18,1.17465997676076,0.368511197073501,0.243616920504949,0.999899938442878,0.267032352578108
0.750141550794439,0,0,0.97666298449149,0.959514103085993,9.78911880613596e-06,3.80762701621925,0.84093166282709,0.0489732377505357,0.792457061437154,-0.0249124630151104,-0.296485214597557,0.689935388574032,0.218211252217978,0.470913193702595,0.616149902605362,0.452830615901283,1.39138604585203,0.156526839809978,18,1.47475268398639,0.205095949119103,0.321539207807922,0.887166230413365,0.000100047625234391
0.974105693335891,0,0,0.782048600733276,0.625953295686678,0.00322596133858856,-2.72390519729175,-0.505559272283961,-0.189178435859626,0.319584595106793,-0.353602630232375,-0.507443230087804,0.200043865050163,0.48099655368441,0.976321074846931,1.21705052075338,-0.0469152894440244,-5.72429066656015,0.110047306803613,13,0.140580236700377,0.385889127640382,0.573818379562785,0.000100010150941178,0.000100003775738187
0.871983765204205,0,0,0.942785121491666,0.835919190992823,0.000296559374861927,2.95715745605427,0.435776075599487,0.167232520540322,0.719820452852155,0.0249428212235501,-0.14726913002617,0.593108313849378,0.484790956746002,0.546377003741396,0.691054294092976,0.249928271780107,-1.21200646503384,0.0954753411521752,13,0.732496544944015,0.59159819521248,0.385645721207675,0.000100001274296768,0.000100000375043531
0.979491261840077,0,0,0.746003654280834,0.491543814518165,0.00130211984474153,-2.08439711571213,-0.753703170462009,0.010249812293411,0.400682561968952,-0.104950347771258,-0.161333915559764,0.603345587735665,0.555128385875848,0.601751217462491,0.666322349514629,0.171517569414829,-5.8416348283896,0.119135727777044,13,0.290691242706968,0.681230164335001,0.589302941550315,0.000100023280665263,0.000100000537181501
0.686803876383416,0.0848720165582093,1.03919010009226,0.98465097489094,0.996829527198973,3.65495141545738e-08,4.33705267515751,1.11759804925283,-0.183592882534017,0.829565770272899,0.276462348321067,-0.464925272653831,0.706252634432359,0.286083927302931,0.469076756082057,0.303512429405644,0.690180592296577,2.26979598211095,0.213124033312705,21,1.68408448479111,0.395685829203772,0.310246971152039,0.491509066636971,0.385792576468753
0.711009672095169,0.00128404406966667,0.710936625846524,0.985653574168008,0.952545398996323,4.68616994314199e-06,4.67607814610178,0.0661372304289467,0.129365709329443,0.877332486007649,-0.0839173373668405,-0.369019823934303,0.859353106017344,0.179631260124598,0.461217780701233,3.68865626436557,0.356439819530012,-1.78870703760527,0.0815481422119171,26,2.28410168870832,0.185262508910274,0.344889068204024,0.663511531579694,0.000100001216848619
0.942954420247005,0.0335795753976917,0.0661676148035192,0.500045830129239,0.0881854507164236,0.00372377780365613,1.15021192741407,-0.00234875958470032,0.276449871211533,0.291117925523449,0.0792455674431229,-0.125130305513965,0.628768757329848,0.460245702968505,0.646379418731006,0.931480272916926,0.290049006540096,-12.2202975855423,0.0623669157873178,20,0.423924157310534,0.616736695889086,0.59310115962951,0.000101646027185597,0.000101634360262611
0.675033883447082,0.00105306395372729,0.633815224546211,0.987756925057099,0.9897743028553,3.08069664192581e-07,4.85519299468371,0.633051798319955,0.0422050501626641,0.849140593144668,-0.0487550438070734,-0.332110256046867,0.732460380607977,0.0913499217007355,0.385629451982501,1.83716301771305,0.64910333425217,0.822122381095055,0.164309254951838,25,1.82622668290295,0.101836680504098,0.205587802747036,0.305099624919762,0.30509956188401
0.745561565044714,0.041710915639289,1.31352758963284,0.976264324033351,0.924537667723665,4.02052108067848e-05,3.81537255639782,-1.26732149067451,0.16095436900774,0.834227722931637,-0.0908361898625416,-0.532249389198847,0.801505826532705,0.0485775462801448,0.538822503622524,3.3136859486794,0.642548306193919,-2.59400424869413,0.157185654250218,20,1.75686829066566,0.055125858130913,0.404289275833273,0.913126938097607,0.00010001352627343
0.954633260008298,0,0,0.832920638684073,0.480989136218092,0.00115372137169591,2.12316504159762,0.580856656812256,0.193649073214316,0.537975859022133,-0.105966545568736,-0.560114766244593,0.463038045383796,0.353319396236231,0.513045974737137,2.07649453585248,0.289932545481798,-9.10509950220126,0.0672271700214978,19,0.386190371088918,0.28157870329368,0.925744718984959,0.000138002061783866,0.00010000063060025
0.757500721413614,0,0,0.980718707331673,0.987709448006265,8.54780945665002e-07,3.89647787993008,1.42409721349594,-0.19139811121826,0.82297265454147,-0.0818925995182043,-0.774887364595228,0.718133477343531,0.293667339646864,0.6538716609994,2.14100632638719,0.705286574896718,2.06997438180224,0.190395232835573,19,1.44339033749799,0.369119629006225,1.25974277127804,0.605024210764554,0.303737581162783
0.675865460358494,0.00174731022085709,1.64377697313634,0.984443465614453,0.988019693757542,1.48147221835568e-06,4.23416242679608,0.0444368187567532,0.331054526221734,0.868827575745741,0.238284382992688,-0.158432934897442,0.797866421655974,0.28444153438475,0.393693344962567,1.7169842480637,0.639486043153763,-0.535983965165867,0.0952902834442845,20,1.97236064506932,0.280348192281118,0.360542680495917,0.999899999132237,0.000100000546026296
0.697370492306107,0.0947633610530787,1.31137764280038,0.982412488158329,0.980200402396938,1.47687152551883e-06,4.18177423008582,0.736401119000759,0.128091588697074,0.823950936085549,0.0402389413904601,-0.260361534362835,0.716925935562517,0.256522727945015,0.512880596425407,2.41678585358275,0.684142413408238,0.149667551780934,0.168236191294847,20,1.61286444798392,0.279999922792776,0.459884620382831,0.895005330825406,0.000103789697264241
0.836576095886057,0,0,0.952871621272173,0.936493378919015,2.84113064551989e-05,3.39527248910599,-0.318311237159011,0.138307077913095,0.628485854996009,0.0229090916877588,-0.288513707444888,0.458513471584897,0.16591051135996,0.436215407344153,2.99223396441717,0.261975611173509,-1.50037653635321,0.112217165188837,13,0.604089026686926,0.204421495134029,0.255377400568574,0.000100006208264434,0.000100000657587837
0.866751240836312,0,0,0.934041538655201,0.809894415735294,0.000394785245798337,2.90527325069911,-0.224500666706912,0.0629292239636059,0.736662564304644,-0.0523171876575326,-0.161702868468275,0.666882736492209,0.391881950646149,0.484078620158332,2.04466631745251,0.0848255138665789,-1.79573555453928,0.0935956764576498,12,0.73183428759439,0.241974368096194,0.30143915249953,0.000100001815837332,0.000100000424486965
0.888450400639661,0,0,0.916923327486489,0.797568384512891,0.000415247106734354,2.20325628580873,1.62915273420894,0.127470212195969,0.616317490505738,-0.00400206558223663,-0.424568986217164,0.487923092919893,0.119174394205154,0.537615424136601,1.62889147198155,0.558319712508857,-1.34798558200022,0.138685043504889,13,0.48224778085663,0.0939790584467639,0.459401491539169,0.986304832421325,0.000100006094988155
0.98356581766244,0,0,0.500045830129239,0.251668506821457,0.00971838472930297,0.770227740762083,0.286914434954845,-0.279516360381053,-0.204911296497535,-0.406141697957536,-0.71740954904486,0.155660366080688,0.178517541468896,0.581992003242058,4.24767237227896,-0.164649279942213,-14.1862802848676,0.113507906392151,13,0.101372378331276,0.198288941405487,0.839890807901804,0.000100004365797891,0.00010000182628827
0.929090082619292,0,0,0.92562690457368,0.909255511166889,0.000157440154172276,2.95244880689742,0.526190025773038,-0.140786296713522,0.565932170847882,-0.464576074332172,-0.744313532973327,0.360644795861694,0.385295654659861,0.744919933476106,3.74236471335081,0.139165721915883,0.680088203996012,0.114184831330991,11,0.389351344959624,0.718013772036677,1.16551399830387,0.000949130266383634,0.000949126666332399
0.993031076864141,0,0,0.500045830129239,0.129200910540125,0.0160108914213226,0.591603667589886,0.238451983421859,0.111095961762388,0.1808759679513,-0.211659215101838,-0.486263977568325,0.524612640664572,0.572674717276919,0.725658096091084,1.40175150948555,0.158541023815175,-8.10868022100384,0.0761286758493541,12,0.667635618432223,0.393299221122208,0.453330944695881,0.000100011090358547,0.000100000039840032
0.788961527087486,0,0,0.965542575998993,0.987691332864035,1.50808668832345e-06,3.47595509079265,0.132410803103402,0.310946330962593,0.721383838075599,0.324141732271123,0.0538261536375824,0.552887343747141,0.432795577053855,0.166328335019876,4.02585793704136,0.277994217087207,0.603105519365776,0.0912911857133606,13,0.885091912189441,0.54069313006354,0.164509913790033,0.147784449496216,0.000100001007088271
0.891278629848627,0,0,0.930016646660376,0.817568008699621,0.000251733349254899,3.13461639447767,-0.285742640058227,0.194439125647201,0.571222360325051,0.14960350518725,0.0133596926042304,0.576367411628934,0.816440487434732,0.915417417517862,2.16151463455376,0.206394096608189,-2.64861796435641,0.0911602005461181,13,0.492776160772891,0.908370671851169,0.885841538392052,0.000100033605538928,0.000100002522712139
0.795329830691348,0,0,0.966539007006498,0.993225358182968,3.01425915690193e-07,3.30778436481844,0.790805771036391,0.186191846835525,0.758954632552413,0.468966272879928,-0.626331151226996,0.633492757412258,0.335237448899561,0.735105278424935,0.774839633397088,0.596811490771304,1.90829757164763,0.15661074654763,13,0.965396403317697,0.335945991182797,0.818486660096432,0.759522194328296,0.629094660634438
0.844404479813624,0,0,0.917996397335654,0.8252313022399,0.00107896594645732,2.57347598661802,1.17447606455006,-0.322201801974757,0.644527272708294,-0.478812798070618,-0.725620620696379,0.782412404492106,0.347270250780437,0.938602864151202,8.45730362943918,0.181642218966219,-1.93171592061339,0.13678362301077,13,0.839983552546161,0.451247137675574,0.781402522999521,0.552831995223565,0.000100001056129239
0.727293645319276,0,0,0.979544803596061,0.995724864880859,1.13135546652553e-07,3.9425555760029,0.538132612368913,0.573399227636617,0.811311700402138,0.629121803499327,0.117273954116059,0.691574080781951,0.641552604858337,0.518183600785457,3.46585256237126,0.771348774942584,0.899192109600175,0.160879889913701,17,1.33785300600763,0.484457045196622,0.305710814979939,0.999882837485566,0.99988273470664
0.914111891737843,0,0,0.91715325106217,0.901360804512232,0.000608255243183854,2.71223079942591,0.57055041997072,-0.269839251123723,0.601129963695698,-0.386061592619289,-0.691950980319075,0.588267421571386,0.181466599332099,1.1828450328934,1.55813203105224,0.138727128921764,0.787140122768449,0.142464667712053,10,0.524292748903345,0.21877196961936,0.601632967824555,0.000100009277245378,0.000100001701355167
0.950221669344217,0.634246490934576,0.0692684986183604,0.877709298876147,0.586754396230732,0.000430557362890523,1.82632871583111,0.896289584440298,0.000181745091957174,0.454625276950269,-0.3514122585712,-0.700829027101379,0.269948888923623,0.181642920856337,0.811372194963951,0.816842092999027,0.421232999950145,-17.9138430468955,0.0695445588151354,37,0.322163117788887,0.19863392361245,0.641345410430668,0.634418112887517,0.000167757090950745
0.748201099322265,0.125991159625362,0.169290607560167,0.984949325300569,0.903370023055893,1.84281741567811e-05,2.35195688466857,2.40558967052229,0.425730635391732,0.803842132102018,0.232891478422647,-0.445367132263655,0.705736937199583,0.0985222757764466,0.280089231381022,0.762601339021688,0.836063256733083,-3.21156255572941,0.153406558318194,37,1.16045593216336,0.103403296158412,0.260219823640438,0.99989988080405,0.202369073963435
0.742908658111198,0.204072758520481,0.618042269032264,0.979506964023133,0.877682174022604,3.57962009008949e-05,0.154044216946509,-0.482907566666997,0.475444933315276,0.831982065320925,0.402793906215439,-0.241684027777778,0.884458330930853,0.205510682733763,0.22014064368275,0.432439550476267,0.832066755277435,-5.9182197283562,0.108090807265491,34,1.16733933442574,0.195179233350767,0.154016307086709,0.99989999609664,0.35817971534863
0.719458967735484,0.00175152506151725,1.75968203247211,0.981057840450705,0.963189670548858,1.60829681352456e-05,4.17912193189715,0.20003308920253,0.164398943587742,0.845327018052127,-0.159628016561222,-0.530387587858705,0.730319217478474,0.123331701597922,0.531393600618996,0.143871361232279,0.522884145594219,-0.351520476471587,0.0909048094546658,20,1.8202738953094,0.0966805055593539,0.317440965538493,0.793801267307537,0.000100002165889011
0.787151117705657,0,0,0.968261363713713,0.997842291317303,4.8433543156793e-08,3.46841780591036,0.131810621488192,-0.423090382433105,0.757504509140549,-0.467104698061246,-0.629989180465808,0.627469596393771,0.317612439005019,0.694744273447412,0.292313926262186,0.129526245184269,0.315031236772694,0.150366383341426,13,1.00077257639521,0.306759561460994,0.623628996742385,0.241811912082603,0.241811367738477
0.884816336617013,0,0,0.927560173553343,0.857356185583001,0.000373127765763066,3.35243937395272,0.106281355293776,0.0573113333057818,0.49904775310608,-0.207772331711017,-0.620428399670012,0.253153190841068,0.0749347771579973,0.467183630865709,4.94406955585784,0.160566590819259,-3.45192396330713,0.0942107308953421,13,0.325022260579443,0.071343076200628,0.463400865794526,0.00059164598676788,0.000591645793533328
0.811647719008807,0,0,0.963800317017748,0.96853497897334,4.49145217321542e-06,3.36180329576114,-0.0568697579326686,-0.0906247083994305,0.742983696276795,-0.323367800624204,-0.476162691925456,0.647543904438373,0.401669674038893,0.484950577236692,1.0790297698079,0.0540272514234482,0.0701362544078792,0.0906469877474724,13,1.01392811740825,0.207751518233414,0.350201824538323,0.0109877017860134,0.000100000006451073
0.998290470410895,0,0,0.500045830129239,0.327536122682969,0.00321472116941876,-0.992427381110802,1.078806020533,-0.248181126464051,0.0972368618797421,-0.366279819085267,-0.477188105785201,0.134537337284915,0.541737972677845,0.641547743188678,1.09427889165783,-0.0828960296234517,-9.13346689567244,0.136500878380899,13,0.12109082684852,0.446915792637474,0.535175409660448,0.000107625521374504,0.000107620403351822
0.845995831439606,0,0,0.946977112131429,0.887023502888983,0.000116590872083464,3.32627091192804,0.133940377143923,0.113409087247555,0.642218425692783,-0.0187459372218961,-0.0882481856112767,0.419116710398026,0.713408352655937,0.449082748844504,1.27778730606571,0.13241809971331,-1.39454144036263,0.0738491898565749,13,0.686601194149912,0.429905276853246,0.252010969083768,0.000111315684961821,0.000111313808891284
0.787042313944564,0,0,0.965191455658209,0.985591267777824,1.70660377331763e-06,3.42856817956678,0.0270116901502699,-0.116233372535674,0.721248720368388,-0.258620434776435,-0.484155669527576,0.608818993270013,0.378278340469704,0.395621104831069,2.05697897440865,-0.0745053236257142,-0.273250458540567,0.0719037886900848,13,0.954082842320082,0.203772592531515,0.424867070716265,0.00185136904134568,0.000100000161723842
0.851624412275103,0,0,0.949285212894071,0.822270273144997,0.000153576972774022,3.32292100999012,0.571644056965443,0.116091891609512,0.691674787506751,-0.0273300629738004,-0.404324637597515,0.670903944087224,0.135603061392989,0.507307002573661,0.712998095394267,0.148308265158622,-0.295281089334746,0.0853409996084912,16,0.809901681221347,0.136211473011784,0.220496761588926,0.00138050266172376,0.00057013344858857
0.755912040108163,0,0,0.958741293585408,0.985177179421085,1.74126812663866e-06,3.21171100555989,0.703468906088131,0.160878432680162,0.708672399243994,0.29477320865199,-0.245606405060789,0.560830690589748,0.163682065700414,0.359685491951337,1.52444164269957,0.587437317260417,1.82305722512549,0.14715449486547,12,0.808579121453682,0.143576230605921,0.333475749711376,0.999899952868575,0.391773495003291
0.767198842097276,0,0,0.959855346825663,0.986617769443415,1.33541663556709e-06,3.18641814171766,0.775941889430392,0.353235001810145,0.729507742438344,0.544239214484761,-0.0359968740842045,0.596187135388942,0.451167238733289,0.22827749116329,6.94224561621679,0.669955571308908,1.6858028432717,0.146368375993664,12,0.810629167245658,0.321284276345228,0.225395775202431,0.999899930737583,0.506878611348946
0.58960551311105,0.00436368432634741,0.59218501593446,0.994127373126108,0.999040706696029,9.14562063315703e-10,5.98695764204733,1.06515899096724,0.406652977143201,0.917399987523484,0.502003940564929,-0.287209868409408,0.844997896693007,0.301317638797698,0.179313005809981,0.107069271423972,0.862521698388384,1.26739124162444,0.263562774955886,38,2.98588282567504,0.445086850467698,0.153420262924412,0.999899109509673,0.454799234894924
0.819840333180635,0,0,0.970312498532925,0.971710570371197,1.05502874167599e-05,3.70766643288743,0.06049395869534,0.0898328631180036,0.732097433823199,-0.141710114702816,-0.453791208791209,0.615508245680855,0.219056305539811,0.458695415233922,1.36327134883722,0.105622052956112,-0.555180479211654,0.0728236729110997,15,1.00883085311088,0.101941031727305,0.227563881173771,0.000108385222828047,0.000100000094561345
0.798208232402684,0,0,0.975117536736392,0.994044268884917,1.79575921156259e-07,3.74091904655817,0.0615603407196063,0.0674544431241493,0.792039945704867,-0.103571428571428,-0.276399451439969,0.688648499216562,0.33937251448213,0.480584574241765,0.171383793863398,0.142980189491814,0.295083792096823,0.0982985774992202,15,1.24693611203517,0.241791095344389,0.191932928027524,0.00805244077013254,0.00805243962040921
0.799534078481368,0,0,0.975238100605337,0.992681158802012,6.10092328839271e-07,3.7118448803014,0.258958248938598,0.212059814633778,0.800439547229072,0.0311745421500953,-0.281728163251647,0.704215776648661,0.211674615200721,0.663012894719586,0.602736481581585,0.483020868660887,0.350513701538894,0.132072663927972,15,1.2427019595795,0.285581359645877,0.284512367276349,0.999899126189878,0.000100002426566115
0.799114994626054,0,0,0.975765701864158,0.997896694046671,2.33745295672724e-08,3.70214034421537,0.378109521070388,0.399482400469956,0.805196026447013,0.461167701863355,-0.424088138373853,0.696072579583054,0.540453608871067,0.545748298438921,12.1054677947419,0.776409229321224,0.559015567816279,0.157231764255499,15,1.21816019933325,0.471394205470468,0.915137207106685,0.835172124051596,0.835172091469387
0.800141321372891,0,0,0.973448229529803,0.98567419741281,2.03358583215393e-06,3.68344466456961,0.117839546041818,0.129159120353843,0.767250565916846,0.0723401484568298,-0.157047676732716,0.624864705736779,0.126629564437655,0.205181481389972,4.13278405451519,0.201212246325701,0.91784229367846,0.111211746521059,15,1.10183067806812,0.145689288529841,0.182612353142161,0.999899851162767,0.000100002614267319
0.797429229060493,0,0,0.973658571619644,0.989759456160694,4.0390095032529e-07,3.61665936744805,0.696237544036139,-0.060647163164783,0.78516422684217,0.0728450020234718,-0.33194982475558,0.668006968703914,0.0629960614396787,0.344771150171208,0.532316287527005,0.535573122529644,1.72925741724029,0.168774123952873,15,1.17291316453786,0.0818078132070585,0.224281302470688,0.652170350725066,0.318673693338099
0.806707023648346,0,0,0.973519393393611,0.993062889186502,2.71106659974071e-07,3.73797265347643,0.395645846182343,-0.0251655438746018,0.766291510351535,-0.0396825396825405,-0.565557134158718,0.611567640873916,0.0599798414689033,0.609715974730239,1.12592716932189,0.360836878130387,1.15545704004886,0.147517756291235,15,1.09473750110745,0.0604056437389773,0.383223920466743,0.719142124965416,0.302924442977131
0.795669405594942,0,0,0.973710364433186,0.986680942874069,1.61622140529856e-06,3.64651808518791,0.494948097990495,0.291549205139167,0.779161369308283,0.240023612750886,-0.0322580645161281,0.656612477955253,0.29275212971462,0.569162736059776,1.61511452219307,0.635902006414806,0.593228809644263,0.140032325052158,15,1.1370828263686,0.266363803632239,0.456295525494279,0.968917417766123,0.000100034262876143
0.798368367262271,0,0,0.974054922665595,0.996000305285251,1.72772301126869e-07,3.75288933528659,0.396216428132194,0.454656591484435,0.76949055523755,0.438996138996138,-0.186234817813768,0.619351851628535,0.224247427297521,0.264409853384042,1.83058079093716,0.634453424074862,0.908903794695157,0.14045430965872,15,1.07356214382068,0.238041025029441,0.234903354423118,0.999899995278515,0.589611595367592
0.796001462574051,0,0,0.973688632596757,0.993950529473728,2.69072944309857e-07,3.70332267209252,0.579001873209207,0.201735330828281,0.770237209686751,0.329004329004329,-0.343711843711845,0.625659464176203,0.158182340836007,0.49747327546152,0.638687535055704,0.56623414071511,1.53356669045021,0.160461499127203,15,1.09220768549813,0.146413110698825,0.400869683836717,0.999899666820768,0.420908803639028
0.785279538755411,0,0,0.967331404787555,0.996432810829003,9.89629400304749e-08,3.4885050219255,0.0193346761905564,0.159137982819635,0.742452707348207,-0.139258302792256,-0.64181885680435,0.590659678263564,0.382229473928512,0.469300841194672,5.22777201293311,0.265612205167778,0.248079321974926,0.0828020583590858,13,0.923954461118757,0.283282458631637,0.636285828819798,0.000100005010055111,0.000100000169063947
0.812077434413993,0,0,0.959059853114678,0.947754575072101,3.11920735145364e-05,3.42311692058127,0.0595959610136715,0.308442922003864,0.676617687066484,0.235024771142489,-0.0489136032519648,0.47850564276215,0.430535172695597,0.225299156971295,1.00000363786199,0.283443162141781,0.28900451413696,0.0694163503133848,13,0.753086517924467,0.568353350127303,0.138620018190628,0.000100246619366768,0.000100245692571401
0.804347638862591,0,0,0.965384900699277,0.983304425955797,5.16462910996267e-06,3.24535339256061,0.909558568455752,0.153566618349867,0.76556612921181,0.196858316221766,-0.576426103751258,0.683481908903506,0.11489977518972,0.564208709293822,4.16931059848801,0.639618598439894,1.57665071132483,0.150228003803529,13,0.96003443822861,0.123713915393664,0.381621808758484,0.834331120084836,0.404417528883958
0.793443183716923,0,0,0.965282839331069,0.991485410952993,1.57480234500539e-06,3.42108427713981,0.575470041301711,-0.080896059904121,0.729012937325275,0.06303728195021,-0.650644335009638,0.567974112298072,0.0982326851377265,0.575307468722464,0.498430312187918,0.468842625854964,1.66355299032314,0.154604528500545,13,0.892362104603216,0.0808700286439325,0.515022360094794,0.429401356519915,0.429264189467745
0.798354974984245,0,0,0.960950414772907,0.958288748143416,1.59665853798816e-05,3.40127460011922,-0.121125910068928,0.257279076642307,0.690391375831335,0.194544274545289,-0.116266205504363,0.535941649564742,0.487844564455303,0.248206562983514,0.418352369195637,0.29916792551519,-0.235469885217708,0.0764446584889504,13,0.802215043516709,0.596316751293502,0.193325127478238,0.000100004671272205,0.000100003758301095
0.954562819016904,0,0,0.750904810990361,0.51235233350827,0.00430576387832191,2.37687212203652,-0.431192082479544,-0.0023373548420794,0.359898137638308,-0.105756180223493,-0.188905413872323,0.568023699174617,0.798101482614335,1.03267232490652,7.21699246050578,0.0241749887318749,-4.98001035864024,0.102240125544279,13,0.349946533613349,0.763342647256681,0.800394384266647,0.000100009968315071,0.000100003657221254
0.86091359825458,0,0,0.937941154544698,0.871264259917983,0.000151361195290291,3.20268104325304,-0.201691547542736,0.0503750275074576,0.548195863427719,-0.033754655348189,-0.359403036236808,0.359328377852312,0.233720001093466,0.352053411086316,0.812863314721895,0.0758446502301233,-2.25313118329987,0.0923940402926615,13,0.50118656802826,0.166138353650822,0.176749798610711,0.000100007923295694,0.000100000399030689
0.810156726808525,0,0,0.961630483794434,0.983299518898059,1.49847361686358e-06,2.96684703869394,1.38350825702094,0.376696735330526,0.741816153499035,0.682052484225706,-0.536866678971745,0.617207230700305,0.526262397065964,0.650890365744757,2.28683650618329,0.599807594314182,2.90135937643174,0.158077143622059,13,0.85767891628116,0.605264994247508,0.673730215320476,0.850678938198402,0.850678714769355
0.795837942866749,0,0,0.965955327749139,0.990380996209519,3.59012987902686e-07,3.29511255207884,0.789687176672724,0.34161537632342,0.752320744601606,0.579180643166171,-0.390046813103185,0.615607119170376,0.534180514807367,0.706325672194547,0.284044069456677,0.576780374286194,2.02940244122545,0.15440432551596,13,0.943893742330813,0.413635180222279,0.639922856476979,0.98088343407763,0.717214308968341
0.867998581464263,0,0,0.927289136547189,0.813303022122246,0.000329022741309563,3.14284702406866,0.480362381530993,0.276132666892759,0.544533647912053,0.0825035905284255,-0.360793794413286,0.320682020021819,0.227124490169532,0.191820280160924,2.97272639351667,0.400252584501035,-3.53710935296636,0.0930451381965791,13,0.361920058571932,0.230712378558866,0.149598336896791,0.000487514620429888,0.000100002260476636
0.792306735843407,0,0,0.963370075500746,0.98248288933617,2.48698236114329e-06,3.4728697880658,0.330969752085614,0.00619240517545547,0.70088551540458,0.00289229101971399,-0.110877385539573,0.527440149005813,0.261764744495202,0.448037968425377,2.90591549031259,0.325563398401905,0.536917420226152,0.13790541451415,13,0.844786728437048,0.328614257725051,0.613696701660532,0.619797823682073,0.000100003577698679
0.784731719631993,0,0,0.968493081306944,0.999467785928207,2.50014440974349e-09,3.47753654566625,0.0251017959316537,0.209475572401652,0.758111580158967,0.0919035105371337,-0.0699518882168808,0.62119042083958,0.0489394894772006,0.12651126180783,5.09757279001012,0.340351630835688,0.124249647186076,0.10135642867836,13,0.974691809752172,0.0483476897321543,0.119849983560186,0.000157503567921699,0.000100000854427144
0.87597426159461,0,0,0.936779653069574,0.870383347969956,0.000162268091327885,3.24894931384541,0.0161754775761094,-0.295928554563261,0.631373847099568,-0.523738840991243,-0.696305523865375,0.525946964849972,0.436132546102156,0.646463515069475,0.296324911724481,-0.260177149816251,-0.453872572033952,0.0800878389395966,13,0.709878880002386,0.339304186568299,0.840219179500281,0.000100013535632496,0.00010000127173851
0.922711949858138,0,0,0.866716962343276,0.69937464649675,0.00165395154664999,2.66085486217582,-0.779280157606714,0.320464831561273,0.343585000071576,0.466370693828168,0.404035582979469,0.188635699784557,0.566173835452944,0.364781391961376,1.86389478512883,0.296815784663399,-7.91025990354506,0.103289574757414,13,0.155809682166199,0.431046285230842,0.338080514491015,0.00146015827812101,0.00146013156268325
0.788156770703676,0,0,0.968055322262845,0.997900262620277,1.7981651696573e-08,3.39625059053816,0.517390089167445,0.383902835806898,0.762900874091723,0.699491487884236,-0.146116106952708,0.641159051152211,0.592649678383676,0.579930830357928,1.3818133233647,0.626599822633404,1.31982263151659,0.157693966483002,13,0.988152899635832,0.648785389291453,0.284876573054062,0.999899945164367,0.999690709113631
0.906835593859442,0,0,0.910932372412252,0.763671683928213,0.000572172127516498,2.97108583296009,0.146321998023414,-0.0921912647734154,0.599515440605091,-0.184758844637186,-0.333880366876366,0.461224930187361,0.405059670648523,0.522625264206664,2.16943839398851,-0.0956458834172406,-1.34091400973669,0.0949790662198907,13,0.578615935942941,0.33575620336388,0.383261349855464,0.000524429321999517,0.000524421137817568
0.854648321833383,0,0,0.946952581421891,0.905017418553883,8.35127849143064e-05,3.37235398079185,0.0405417281424383,-0.201528356410591,0.647911852835792,-0.418833602690692,-0.500670197079074,0.508008911155238,0.590987935172734,0.570688845083479,2.10316007115366,-0.198158679558017,-0.383816918167865,0.0872106768085923,13,0.811386042354808,0.236693469724516,0.332918029362338,0.000100004524920638,0.000100003378617109
0.782915442327581,0,0,0.968302743309756,0.999407433845272,4.57210932749192e-09,3.46970840687188,0.0617479463558277,-0.0494378979834897,0.75387040841149,-0.0249343832021028,-0.302117850453828,0.615750923091359,0.0544019987967084,0.113962961190384,6.75367197883143,0.255067876057708,0.178054740355071,0.131869842246261,13,0.97512877969323,0.0644663511549266,0.170088972688307,0.955559542646966,0.000100018446204078
0.636030602276816,0.0124326391799274,0.807073386380211,0.99104464953445,0.981034914177357,8.15178059692428e-07,5.50478061511029,1.45238448908853,0.0910290058529768,0.8792982899303,-0.149951227708267,-0.555354733440455,0.780697059123263,0.0536094270648497,0.687480782517568,0.0140106831442686,0.717427209087638,1.53821804934955,0.211285757738363,33,2.52608136434509,0.0477126751412262,0.32426819988129,0.67606678862799,0.0878331217620398
0.790513781173574,0,0,0.967673627214132,0.996791498502014,6.47177102730599e-08,3.41217003444542,-0.464618676426113,0.334522371174454,0.755073040025645,0.466953457400679,-0.463840336123301,0.625294998568708,0.521424540986308,0.405068754594489,3.95653062113321,0.717196109809724,-0.886196320037746,0.148206839075678,13,0.96523936966675,0.554625022435755,0.49771986222324,0.998036464057379,0.000100005570273639
0.785990039386456,0,0,0.968231654801395,0.985851316903124,1.75822594753652e-06,3.35500565034626,0.183318856188708,0.0656206070801009,0.78716825623662,-0.184664143361136,-0.495728352603525,0.724828285550609,0.154351892689569,0.546565003693156,1.19482159421237,0.274063986160353,0.234406993902593,0.102270478310973,13,1.09726619463097,0.0867604669684945,0.258349705476238,0.000101040058301308,0.000101039077243745
0.792394373272681,0,0,0.966748985173434,0.995061980192739,4.16271518450937e-07,3.4073186841192,0.582816325185077,-0.0840272645863947,0.748689517474379,0.160948900162324,-0.588108598213981,0.612402355438446,0.2718867901052,0.741603679753952,0.170857116784869,0.565099866915798,1.50161454853017,0.156508556837432,13,0.943375028107602,0.21309104126075,0.355407541273192,0.515815918843739,0.515815698192051
0.799676309384475,0,0,0.967589139711765,0.975806879603785,6.46384051316284e-06,3.36417381427926,0.0169738368746602,0.238565360325268,0.788218972777015,0.0684823630798491,-0.226034196210305,0.706981846087449,0.532786088271124,0.696528047789445,2.40803556743631,0.256931827981377,-0.319307488670962,0.0762925052803536,13,1.06782619795469,0.656891923031369,0.504674492200536,0.00010001387981947,0.000100005062161679
0.886013106820199,0,0,0.927624103089141,0.865728103466979,0.000256700432709367,3.08803258276071,-0.792537721437201,0.468350752235459,0.489568248601891,0.486631666578727,-0.142826724229889,0.293769989476732,0.433957118113642,0.127451107407202,11.8638869332884,0.470166605801837,-4.91886609725264,0.112483523774912,13,0.245311825634852,0.302840253229637,0.140182531943489,0.000241848747820525,0.000100000317357251
0.788436188585807,0,0,0.968164085850096,0.998016128802447,2.3154716720752e-08,3.4369229978768,0.430142039759824,0.374862871045417,0.761402509052743,0.589956576275572,-0.477546174623478,0.633943042902267,0.402888346652895,0.63073434331929,0.730956223497267,0.648642316459999,1.05993399587492,0.155612129350866,13,0.985631178891196,0.512670950732871,0.47096668923758,0.865091947621699,0.865091811243353
0.834653604372752,0,0,0.952644887030352,0.936078984470103,6.60947480549463e-05,3.42508569547313,-0.300224437112867,0.449308446754944,0.638867551510401,0.209666043536912,-0.384128318240118,0.488228268616387,0.158110975893195,0.281118757782171,5.01465321003384,0.551249267482828,-1.63671918411046,0.0926792530254332,13,0.486830527962492,0.213636882255359,0.228779816757775,0.999899886830564,0.000100002418696822
0.79307271261146,0,0,0.967337601435754,0.992749969606646,2.92109007574335e-07,3.40713541442113,0.428958740027912,0.352736576905314,0.75687733822829,0.497447271509876,-0.078015506218859,0.630813445725626,0.51427239675295,0.668510876263517,0.108545141991633,0.498430617730297,1.2218750399519,0.146524855886491,13,0.956707015484968,0.362649265133848,0.298145588083335,0.999899999541371,0.768151716858021
0.8024420602104,0,0,0.969487736953823,0.988887652865236,2.0546766179169e-06,3.38467680912452,0.153311050651413,-0.101360124739785,0.80724091693633,-0.119225126608999,-0.126745773506516,0.763488041065271,0.151883666862327,0.212215524486321,6.29480135072788,0.152599428961514,-0.1216701465296,0.109312682419932,13,1.11607708992513,0.152986890366788,0.214888843237858,0.000100020902820948,0.000100000087587223
0.809633358816378,0,0,0.965951115046829,0.941435878656148,3.42458705963098e-05,3.21037539705149,0.36601989779992,0.211990140955852,0.839780891488154,0.348741243123196,0.36188804535479,0.956780667832284,0.282477966322029,0.3119502400327,2.21080248464089,0.223957606180499,0.110330574688218,0.108989889789045,13,1.11572600901644,0.306844391959121,0.29082179973836,0.000179598364342376,0.000179584459064538
0.998136651559807,0,0,0.500045830129239,0.0927993193419909,0.00696846444103212,-0.247475443253193,0.389880977767484,0.13006791229055,0.107393421900226,0.206375196595994,0.0835345174455366,0.527812934446507,0.341720111481383,0.315190694130514,0.0097902011900355,0.103953741812831,-8.60707673792139,0.0961925183197443,11,0.532521703226419,0.360425966979755,0.214002059433169,0.000125027298117758,0.000107035226220743
0.596923957325162,0.000747922806612503,0.951836713047671,0.994434436129343,0.999187176741784,1.11948582467503e-09,6.10973106116042,-0.751561497835519,0.368020287692415,0.92366787347168,0.367241616393077,-0.438920444868924,0.857381120589619,0.224712503249081,0.408106436326014,1.06168318279192,0.842725289686718,-0.978296888136622,0.241575148381012,39,3.06615550360995,0.252462638548433,0.301677877359886,0.999899981575302,0.171830687324615
0.846683084434364,0.000419360690591032,0.709337399119589,0.959457214595773,0.748554149567627,0.000142420985614965,5.10936290460132,-1.10391330367036,-0.0163298134413236,0.639872218146246,-0.385406121554761,-0.618523470441239,0.488667932155187,0.294910092769724,0.70224038923091,0.0400686574214184,0.155059078555158,-10.1799841070611,0.133143587261041,39,1.17301061607933,0.190169314961458,0.469395914592837,0.191027272639129,0.000100000014375849
0.993275052818884,0,0,0.500045830129239,0.249777094175366,0.00799291822157056,-1.4202959828177,0.22243524625451,-0.465939611617223,-0.232904086941354,-0.567541570552592,-0.603569921703539,0.100885622175143,0.717609099783004,0.631977304714445,3.25573149482134,-0.429922807419404,-9.27896088800696,0.138831889910514,9,0.0903244687379294,0.344724893606077,0.433745163306405,0.000101306966370238,0.000100478192247494
0.947205441733809,0.297071823885049,0.0824479874586193,0.753080027816208,0.408380707949079,0.0007185761478813,-1.90141437796069,0.495360068368327,0.101213743022547,0.366584797894888,-0.208413069865605,-0.494225629965127,0.200353617276877,0.146571577144424,0.639820070788242,0.0996420772174473,0.19705191963611,-22.4946521917392,0.0524839127736665,39,0.177295399941853,0.154000149721677,0.338855430174244,0.000100003843106242,0.00010000040886074
0.984407009603885,0.131984860024694,0.0758700496773295,0.726939853664416,0.326355703232356,0.000666763351103443,3.00601630492035,0.839562472730556,-0.00728189248500095,0.235628539111084,-0.388093769070899,-0.609634901821804,0.126434211720782,0.520710322189628,0.872478980898026,0.365227531393551,0.128863201240395,-27.0771317655182,0.114044155248209,39,0.118650510380339,0.325395702236154,0.590071857690068,0.00010052495523731,0.000100002873363298
0.995037039619444,0.137877325742109,0.10185889354041,0.713831814297326,0.341370560917946,0.00080147849050461,3.30157022144235,0.74638818098524,-0.0961006915075067,0.191289657079454,-0.477831100405096,-0.66481761287295,0.147708423565351,0.569519339041414,1.02450254198063,0.401322686051485,0.0371391211752591,-29.856017739261,0.11366174457033,39,0.148001502439454,0.428722915516065,0.673053623140805,0.000100002117718866,0.000100000950446526
0.990716319293222,0.136261514821782,0.0908901878205003,0.718736617036954,0.331677060517578,0.000734482504607731,3.17903677998466,0.785509744102456,-0.0536429657001105,0.209622786140044,-0.438118219065039,-0.640419534648615,0.13772998893035,0.551896841999366,0.949429375727963,0.338568229083856,0.0791946156257142,-28.6659278195554,0.114144952722019,39,0.133447364157551,0.389859014449777,0.647851220979918,0.000100011916448194,0.000100002446878167
0.956709851114973,0.313531957546746,0.0620392839010431,0.720904661612987,0.369376674450912,0.000705966547634087,-1.77422047196943,0.444045910887697,0.0973498489162401,0.335810184692073,-0.218377469779839,-0.496967426585243,0.191968297466364,0.159374411459099,0.648204265813959,0.29777472066815,0.191887189314126,-23.7902279792075,0.0457140651841949,39,0.168269790534875,0.164190484296252,0.343746021224061,0.000138442981621874,0.000138434964326447
0.956339885247753,0.275608448050663,0.0566028827514731,0.718140339058584,0.384269286234011,0.000714356635457769,-1.49708916207228,0.58442261613352,0.107598856665278,0.331139269504143,-0.207260860346417,-0.505008125500377,0.184229053630918,0.133830290682939,0.624747402619905,0.206188225965515,0.20671800392132,-23.5155474752201,0.0496508857331298,39,0.16952812253732,0.135531807120505,0.342933188053695,0.000246818721068318,0.00010000025942369
0.997927682435878,0,0,0.588229975495671,0.364197270054722,0.0031252532725518,-0.316549939983831,-1.42343768905575,-0.166690627120773,0.201720984750707,-0.352195133102964,-0.546538183859943,0.325732478066025,0.313206797127085,0.597703828403688,1.23721523432003,0.135166145863628,-10.4246969608267,0.128200046842637,15,0.291953663798182,0.35270015514291,0.467652642786499,0.000100003108809203,0.000100001617127657
0.935530434736206,0,0,0.937980417295133,0.799726202657278,0.00108669126052009,-3.02054539719935,-0.876245511891392,0.153037061567421,0.607282735259871,-0.171306152863529,-0.455550616366555,0.517222254863329,0.139361168902801,0.711747501037236,4.83972589152194,0.444519990522401,-0.960182175834892,0.13223673291047,15,0.51871135203671,0.153680328157814,0.346893959592508,0.706271938186154,0.000100002335577271
0.948014512805954,0,0,0.82450792930113,0.59796488380092,0.0014993365128229,1.17267407373842,-1.25532797788831,-0.00191228567820551,0.523324173536517,-0.205614697802194,-0.520240559440556,0.572158987093894,0.276513196556593,0.644731888180484,4.40464397701715,0.258879274471773,-6.11352658256099,0.115469319485093,15,0.589430843707371,0.318908877511516,0.403499244019757,0.612962484770644,0.000100001797270274
0.929699556680964,0.056136932954851,0.222366968083836,0.84912668987629,0.551947571755989,0.000815645503726027,-0.487983391177861,-2.55498486894476,0.0484596529772943,0.492022510591802,-0.186516371490312,-0.414108774549501,0.30270392722056,0.182344584007024,0.38402658065905,0.399124425821135,0.485793609057178,-10.1855949404869,0.15280160103002,22,0.327059542069823,0.153529918860831,0.219782630784595,0.563457219685973,0.000100000357817
0.92454915257688,0,0,0.8994863067741,0.913882320055905,0.000241997690209209,-2.38612699882201,-0.825168628437839,-0.168168051200712,0.575471698113207,-0.0662798874824198,-0.527376320177878,0.530040819953283,0.438507306239573,1.05224912905916,18.5965960408893,0.278797996661101,2.03012273962333,0.142114353967133,9,0.599729045528261,0.355572981884037,0.620567800467247,0.000100000736941093,0.000100000118190539
0.99810186095037,0,0,0.500045830129239,0.0725026315789473,0.0111216053406073,0.0417605958820208,-0.341837366846462,-0.187252623783868,-0.119152046783626,-0.251470588235295,-0.411196911196912,0.301914220743885,0.203466362112637,0.223647404412755,2.49461255975783,-0.135404090293786,-10.2289214646286,0.110752550234157,9,0.18957809667932,0.147218137254903,0.276423175795764,0.00442345384904767,0.000100017183775437
0.951427011800376,0,0,0.824888462652093,0.671261122445126,0.00161657310319248,1.20584410348428,1.84923112351981,-0.133868997828751,0.419915000558783,-0.306551742797935,-0.661159972788295,0.232577143256263,0.117751318901143,0.62557045440356,3.39679902955539,0.363117487833109,-6.16170445762815,0.149695373531637,14,0.289414534650831,0.146026011195158,0.567168479432532,0.342182946514402,0.342182708194545
0.953857639174419,0,0,0.822983346887603,0.780561081820881,0.0010418759465234,-1.34725046478881,1.98231849947517,-0.357811999372017,0.364160401002506,-0.239071882181422,-0.78954802259887,0.310615168194409,0.169748988270467,1.01002355280316,1.44067162967736,0.307492492864096,-6.43024254522883,0.157221673341025,12,0.390022110413878,0.194419218302263,1.04466508666092,0.799736296427302,0.000100004154601175
0.961354814846601,0,0,0.771966888112227,0.500346322242245,0.00303305621742729,-1.33782419069217,1.47315594601188,0.0368138627801962,0.461970895710439,-0.0989400551976769,-0.234296180909129,0.516030341237478,0.335020174140896,0.407316814893587,0.0591447288390963,0.258366791940648,-6.02144010405866,0.123376386644617,14,0.243119591473018,0.212144582852077,0.378955747628548,0.110697223714124,0.000100000802378779
0.874146642428997,0,0,0.939905950654889,0.980341420888986,9.54323300616717e-06,2.87692138777748,0.524704434488736,0.211556062859807,0.637451782503055,0.473987365291713,-0.294038943293099,0.480233262322735,0.43162318295664,0.338966559801806,2.16241606189725,0.446259888062457,2.31597429543827,0.147363306933889,10,0.601193677375666,0.247156317885803,0.201765474792101,0.996784441991845,0.996784417056323
0.799993358262709,0,0,0.97569562907744,0.997319494389473,8.43137265921952e-08,3.64795211631646,0.587856548188381,0.543333920613312,0.809846438967102,0.671221432617909,-0.232159671749435,0.714199998228689,0.524105070938518,0.197350666801564,9.0073727121053,0.741543373590907,1.0280881961828,0.163225380647961,15,1.23898585902456,0.727177481488999,0.163907648053323,0.927149672927929,0.92714926007441
0.921004862020272,0,0,0.823273221837353,0.593591814078182,0.00280724223851161,0.113126444977672,0.883849409468269,0.139176462382144,0.514889454093661,-0.0895023080144259,-0.39735920525392,0.354431933421801,0.0828708705834192,0.52770224513134,1.66503756835296,0.48656433085226,-8.14726087778459,0.104659554266322,18,0.458562605496288,0.0841947273752192,0.359407155424415,0.800405120104339,0.000100002619509515
0.921295269794177,0,0,0.818986652768431,0.587632600317683,0.0029260246997917,0.159337341663124,0.819605164004878,0.144852922602628,0.509523995521183,-0.0829931810879318,-0.393980661585655,0.347960781150677,0.0815989425224113,0.526892387651503,2.26181576948174,0.484049234766661,-8.24506552592673,0.102986993287789,18,0.451302909044413,0.0800884615638109,0.354018283073862,0.798882146634874,0.000100016285059857
0.964703562730373,0,0,0.778111193773985,0.603153691215467,0.0018502736797192,2.52286340442281,-0.458839300036928,-0.304319376851842,0.313650539762308,-0.478987655208279,-0.535603961061741,0.222863670853018,0.461562523749217,0.548222667140452,8.36092287024578,-0.117143666166673,-5.88001481809718,0.10634031729151,13,0.243158939346497,0.370152946147223,0.400499009080772,0.0415742628009902,0.000100001575228766
0.797205854471259,0,0,0.975717542921984,0.999010376410995,8.31275985250458e-09,3.66970965350432,0.54293548861808,0.620564587930548,0.80503670469378,0.764346540500831,-0.35655589416586,0.700480590646221,0.752653865663569,0.261173471723992,7.68736886487957,0.73105067984855,1.04974485872672,0.167098476559822,15,1.24908587261648,1.11734928432187,0.220431497387342,0.98225809961901,0.982257528098184
0.965067167287848,0,0,0.773067053351326,0.608949498809761,0.00132423478784785,2.61808641473783,-0.435499237129059,-0.311068971482189,0.295598039923008,-0.489537309466185,-0.561761081963879,0.204459762789219,0.428383666341979,0.563308439704157,8.1458068624913,-0.120672986009467,-5.66687287155972,0.101014040974641,13,0.196140384492329,0.411425816127232,0.446623160318561,0.00010000405375511,0.000100002882495022
0.847413664753009,0,0,0.891853943894429,0.821756176719417,0.000510518245908189,-1.56944716883206,-1.99236414641747,0.358622852221958,0.521577180949555,0.256936675382464,-0.543885868831265,0.483569432786589,0.370867068657928,0.458994320455684,5.02673563195358,0.562221920560861,-0.301361460946209,0.134442769419548,12,0.704293830231337,0.39047455047917,0.952228525647031,0.831476042065631,0.664374801775658
0.860272381691217,0,0,0.902239484059387,0.832928422034583,0.000353459296932809,-1.47800620879436,-2.16321040190281,0.319773571736239,0.583763254663629,0.31139532462877,-0.336763939592211,0.598096717534804,0.188178878802698,0.454783883996371,3.77244753010114,0.583346007247867,-1.91224527575322,0.137192913357191,12,0.689756524250247,0.177886756380736,0.173983242157905,0.999899937498171,0.422495476771623
0.943792757690469,0.0103215551819716,0.308248607023006,0.80905770398499,0.534449767258592,0.0014336964751859,0.498319488176569,2.63221525176467,0.0123676544566605,0.399006406924104,-0.117215562443387,-0.323120820722918,0.207741272711869,0.234683874152822,0.521830209608666,0.0993004076338145,0.400311246219882,-11.4680847251219,0.147045271305366,22,0.176501262975866,0.233842832111048,0.222292687620319,0.567734075915886,0.000100002181752405
0.891309073760381,0.0165506509722634,1.40540777840108,0.909292063394171,0.684457938494262,0.000356133057962467,3.00660105077624,-1.65219806026172,-0.0231684182841236,0.583874338709498,-0.310869261459525,-0.542317487031906,0.508563539151044,0.221490873736107,0.579620860125076,0.927465995699223,0.3651786828448,-7.95025486442016,0.143744976697522,22,0.993545308527451,0.159145295694553,0.34426428729205,0.463200796722059,0.000100002918936357
