"ets","arima","rw","rwd","wn","theta","nn"
1.56360891268128,1.56697353154854,7.70351756069527,4.20351756070722,15.4203986919904,6.01723637507961,2.48958544140971
0.922968652813968,1.69838789635849,1.69838789635849,0.612344272004945,1.77251660467647,1.09599986299162,0.280191992177032
0.375188663718856,0.375220240713794,0.375220240713794,1.30806695768897,0.469786986501142,0.815401984789752,2.3309283179031
1.49841087341278,0.867911680178441,0.867911680178441,0.883985577541748,3.42080981794339,0.449538589279292,1.77427025388903
1.40093205191037,1.43647038111436,1.40107026271043,1.61896846570701,1.53953361040495,1.15771778480072,3.0486569007077
0.707309212742937,3.14174561422146,0.707309212742937,3.14174561422146,4.01650880149527,1.67997189220628,0.782181196468852
0.311574451609903,0.311611504814875,0.311611504814875,1.7352604445905,2.21580274520968,0.887945424298389,0.281085769824038
1.20457505652522,8.3526314526849,1.20463721996087,4.02626569558666,9.14999178426506,2.26619281183997,1.37382550410411
2.3522106353678,2.35207535212056,2.35207535212056,1.20470912007463,3.51142535095809,1.86606306749867,2.072322952074
10.0587003529612,8.95908560367177,6.11216720606435,8.95908560367177,5.64312574640732,7.50172960022415,6.31616238712498
7.76812394559776,1.18121886798827,2.88107627081728,1.18121886798827,10.7415441515919,1.57475070267169,15.6477565708283
4.94177894066507,1.92114584369134,10.3703193127409,6.87031931275781,18.4368843579846,8.67077455300263,3.35513726421306
2.36636420463913,2.30412352145272,1.42346951931542,2.30412352145272,8.64264469925047,1.07806558706125,0.966591207187483
3.31251077703391,3.3124304890651,0.942120488438277,0.142024805983447,3.3124304890651,1.01317093300478,2.01936948362012
1.95025779216198,1.68785402071364,5.18785402070929,1.68785402071364,12.2913034861876,3.57712398038576,3.25329897539241
1.92405476282294,2.84193052761259,1.92405395340558,2.84193052761259,5.0289874808656,2.34851172422239,2.45426726203666
3.46531909634696,1.05935625550141,1.06949081372624,3.58173725380466,5.55219359357328,2.430405624118,1.19228018749567
4.96611509192196,7.2308254993934,4.84000921258361,7.2308254993934,1.27211912130118,5.6824548003644,1.5077767033886
3.10455811662679,2.76085229774248,1.39433767873909,2.76085229774248,6.46930761935622,1.46565200266448,1.34307791765237
2.0156997024719,5.3589451376616,2.01570968088318,5.3589451376616,6.75613566972797,3.52917514160664,2.20460820686053
2.26725291846193,1.07981351288256,2.26718300723275,1.07981351288256,6.9900222822985,0.844108316463549,3.22293039397562
0.971416792796581,3.69086073647775,0.97156270600205,3.69086073647775,6.69555210221492,1.74316142848392,24.8337792700001
0.954686275858143,0.954712575347381,0.954712575347381,0.671927259482088,0.73426709190573,0.712518618506111,1.3244026250803
1.21613368461352,0.911306658842461,3.36714008151688,0.911306658842461,10.1110470719833,1.87549675219044,2.68816716869633
1.71081324122019,1.38280967858666,4.87800918989112,1.38280967858666,11.8388486950069,3.2935655973931,5.81824137433178
3.12968367664428,3.77672426854758,1.13543793944904,3.77672426854758,5.58373929919479,2.05688286922756,23.6224849666034
12.6478660908574,9.14740857198347,12.6474085719712,9.14740857198347,21.3042056441037,11.0532775438036,9.29436069010291
8.78111423462227,7.25233584501098,2.84729613745102,4.26442194811534,7.9714856476502,2.93687864622581,5.5394986962786
1.05063756796821,1.05111179386029,1.05111179386029,0.162378831765697,1.64545749045527,0.189254803410941,1.51106542756173
3.84541926905227,4.08229311780488,6.93037479553375,4.08229311780488,11.8562773007646,5.5394156868491,7.77609591687025
3.2116477612445,1.99539350248165,4.79047578539178,1.99539350248165,11.2671256120118,3.36919345086328,1.11945459672815
9.44464089725999,7.85690224954092,0.973171317985371,3.94565667070185,6.63808458595286,2.06551773703191,1.51064447815946
0.65982770667781,2.59382101419858,0.65982770667781,1.43069650034144,2.79418577581096,0.743750667676237,2.01742978069943
1.7161993287937,0.997825115028567,1.71608711279301,0.354395782206781,2.97644423204267,1.02092429345951,1.28566317852195
0.375188663718856,0.375220240713794,0.375220240713794,1.30806695768897,0.469786986501142,0.815401984789752,0.5307816603407
14.5857829316806,10.2518305332272,15.6589841793716,12.520699408077,23.4385858429478,14.195557643891,12.4566339128573
16.4786941406055,13.4243316423226,16.4780770624472,13.4243316423226,24.8356358457141,15.3350014008946,12.9559260358622
1.56997249514666,1.49453201193277,3.88658496357065,0.966222773604548,11.8358497176623,2.14318275799279,1.62176507272982
3.28222687881558,5.03292827147096,9.11094180089632,5.61094180089993,17.1396233910491,7.53616361617085,8.21119891101481
12.6907691296729,5.90723987337999,12.6904041992037,9.19040419918374,22.0343594243241,11.0998335649063,9.88263238575081
2.2752858066602,3.53528968638834,2.2752858066602,3.53528968638834,7.15539550136252,2.84307142311846,12.300395492412
5.33443501643722,5.42693038935309,3.02303845600805,0.754669201634628,11.356162570155,1.52457823503638,5.02007864439786
2.47565352960585,2.59050820825634,3.6631718243947,1.67463439341403,12.2778727250863,1.85677833495396,1.93369763937092
2.32528763047549,2.72654496484147,1.02967729063794,2.72654496484147,4.55891102513128,1.31894249191904,1.01886275890264
2.23850670166797,2.64214858873192,5.41135082806071,1.91135082804411,12.6439882249205,3.81863675442431,0.705850840675608
2.321925100877,0.987694428040491,2.32165124368314,0.987694428040491,8.87758182619375,1.31520569215093,8.23708351502126
1.93310457892658,1.93299954982378,1.93299954982378,0.76213668096501,2.9229160689586,1.29612763404095,1.24882623907135
1.83599376190244,1.83590270262311,8.84538783488305,5.34538783490073,17.7173908070638,7.27370781051114,1.56464683546904
4.362305436791,16.8781668604662,4.36169760968219,0.861697609742492,13.9467840803027,3.06506153540011,25.4809551052795
1.24527138204034,1.245309846806,1.245309846806,2.50214793785685,2.73384645325627,1.87168687044706,1.11253745332596
1.44891229040746,1.12209401036891,1.44892580785703,1.08093888071485,0.887924371678712,1.20804991633589,0.472351744679792
0.600794615001306,0.608288080638528,3.43594194849996,0.62209667687646,11.9920412720881,1.80000505562572,3.38854717937419
3.12112167177617,3.59402680349523,1.31300506107682,3.59402680349523,7.25930999114127,2.41316155023546,8.23868804258642
2.7782704887793,2.69476929348519,2.69476929348519,1.58675184275806,5.35573608790761,2.69753075094421,4.55693831254506
2.92557409478034,2.92634061741241,0.75037114117239,1.46059339897961,0.989269114513652,1.07417068758184,3.36956038582125
5.96928743205274,3.72561525154765,5.96912839969183,3.72561525154765,10.562978939777,5.12519071941149,6.7463718095595
5.86954408392653,3.6957667468784,6.84213868493038,3.6957667468784,13.4327642082933,5.3868855240205,3.07237258628876
10.0840326104977,10.4337914566727,13.6092666537056,10.4337914566727,19.5181176991711,12.1378116815835,11.8190803896773
6.05623906289533,4.06773695073254,6.05631562355553,4.06773695073254,9.0926751796493,4.97469827845005,6.74400451985023
0.670535965245349,1.27779067443832,0.670535965245349,0.718281696113771,1.32119029185989,0.690670761487543,2.1320275614368
1.20326792866976,1.20331948991259,1.20331948991259,0.718711685477199,4.41556524565697,0.141195999364043,1.72351587210824
2.04298468171324,0.771233021988965,1.82247982210864,0.771233021988965,6.70291105813851,1.08571453908038,10.7171275321585
1.09211492720461,2.21128013172758,1.15806257060254,2.21128013172758,6.26465961712568,1.27007864220174,14.3253962952578
14.0186100986321,3.10359298627322,14.0181953478533,10.5181953478173,24.3496178971555,12.7284669062301,13.867958243341
1.41424928840016,1.5296552543558,6.041140649829,2.84500421838939,13.5649435184822,4.45122563850584,2.88445285771452
3.77334511265268,4.00428363295155,0.615631272436518,2.90424818687122,5.00728870984488,1.49770000370424,1.92908067699285
0.990198543882878,3.71487534642478,1.37381533111384,0.863750467339642,3.79224596646685,0.385104178878035,1.13470226139898
0.744130465846432,2.51088250763677,2.51088250763677,1.03299188437226,4.47124557280137,1.73468484269522,2.61166777002463
3.49482982111701,3.05579146588483,3.50659845380689,3.6096766836294,2.91979071752334,3.62783667724065,3.19754561835767
1.51316780587656,2.00148151328888,4.15731357028003,2.00148151328888,8.48909842060527,2.813186928671,4.7289308094378
1.78021444175537,4.06279285964195,4.06279285964195,1.43926620862085,9.32050655101094,2.74999581676062,4.74570476599842
1.76582416208195,1.52835843944516,3.53679109750904,1.52835843944516,8.89115409890423,1.76568881338767,4.01916653390073
1.11448216378031,2.49031895409122,1.11445296681112,2.49031895409122,10.6848484495251,0.683858115503132,0.895190626869445
0.760094556511174,0.760092234966327,0.760092234966327,0.161355427462306,0.356909320824396,0.209625927836004,0.925907085831775
4.24774210587393,6.80480737037245,4.24774210587393,6.80480737037245,5.33178576811655,5.26654341949447,6.85212727173785
7.59541960421887,7.47207780089682,10.4156668266411,7.47207780089682,16.5967396407051,8.76070600758712,10.0892228014258
2.61507430390352,3.02302763887318,4.76684734237356,1.62596769191656,12.2772869164675,2.79644499471571,4.5432605268713
3.08534419231104,2.31172265477842,5.81172265478605,2.31172265477842,12.8201493933849,4.11296425179928,0.843767937101269
4.51520775625233,6.11874427327148,4.5152527081533,6.11874427327148,3.19178701645905,5.32977885000221,4.07529227868943
2.01099557520328,1.71007776837346,2.01100943164686,1.54382735527756,1.16397274522866,1.8560299321059,1.90799563131506
1.09733376110794,3.14173709908239,1.09733376110794,3.14173709908239,4.87915295854358,2.2772289384657,1.19998282624426
4.30255059610415,5.82678367203308,5.82678367203308,8.30403360604584,1.19586962259171,5.75031344894393,1.53670407274491
4.85250201069207,5.78494425735739,2.8767282310862,0.476093064765679,6.50891493831108,1.28298238523265,2.59856798258586
1.66017503828922,4.09153746887326,1.66016908780626,4.09153746887326,8.45800813137502,2.97051774477374,1.78136262363078
2.65448389197562,0.884147522097526,2.65441645502492,0.884147522097526,7.17135809076938,1.17538817832371,3.55188047431338
13.7111725297439,3.69701540922731,0.856716624367651,3.69701540922731,7.25239824126431,1.69332455935757,28.5652460283212
0.610055742214614,0.610055742214614,0.610055742214614,0.637773973627845,0.660432396063552,0.575781354702963,1.41917727441676
1.83567803971654,1.24574109050756,3.91131064804781,1.24574109050756,10.5179136496534,2.42376882486253,1.37398907785857
1.98812083345089,2.58005283400803,5.95701414673747,2.58005283400803,11.7884089815908,4.18505435838231,5.92817820772582
2.57494044937089,2.18904400529025,2.06488923835595,2.32543392160289,8.59343723911313,1.62326180901857,1.99124716853692
5.91011715196316,3.67449719810227,7.17449719809437,3.67449719810227,14.7350996970828,5.47897560319636,5.34189976933526
10.6897558993271,10.4282998038105,13.835745085008,10.4282998038105,20.4259301902492,12.0312285542222,12.9869981404211
4.1745572142233,4.31345912934435,7.68622768556217,4.31345912934435,15.3766050735985,5.98999031149323,1.53617094831916
15.2330339780657,19.9989623848659,0.911531862942825,4.24725848001742,8.26325544981057,2.09414943938293,2.99884057212575
3.84503547114399,3.84503186316658,3.84503186316658,2.79737917044217,5.61263546607735,3.42962197366358,4.37154822284564
3.70435929875463,2.81513303499176,5.91443154230893,2.84835278403385,9.78575154359032,4.53035629734747,6.64326317598771
0.77360099675971,1.31626851687807,0.983004614355736,1.31626851687807,3.9526559964393,0.466124202943337,1.33851887980747
1.12253224583471,1.07813542626545,1.07813542626545,1.7772075879381,1.32196726338635,1.5642953524391,0.66654170398503
1.02970069312314,1.00753148298621,1.02753019505504,1.42633912139795,0.996823246010238,1.28749927208419,1.12926593563486
3.46672683896979,3.43481479097609,3.43481479097609,2.29820637423256,5.09671848013817,3.17225821468892,4.1194048311699
4.67545860753124,4.67538303286232,4.67538303286232,3.63908288669237,5.65236625753111,4.21333724440714,4.79639729181201
1.10424378548157,1.83762151419995,1.10432959310892,1.45818378730053,2.18138919022972,1.19499152309566,10.181475877563
0.577781331774613,0.577622884490317,0.577622884490317,1.39613213588907,0.603060419020385,1.40928776512465,2.4699624627997
0.513461943191051,0.513521699332328,0.513521699332328,1.7230889690583,2.70433345640647,0.690236762904437,1.05163876965533
1.2821499069179,3.98641901501717,1.28215216735608,3.98641901501717,2.14676627825381,2.46125303797355,0.994537994092624
2.61213121741986,1.54247829268168,1.54247829268168,1.01849151406258,3.53920547450564,2.10315477116193,2.95559219858936
0.451966245270651,0.451952023448619,0.451952023448619,0.547503028940598,0.884091781721656,0.950041087537172,1.88189203374052
5.51846898564403,5.36647085855861,5.36647085855861,3.86215508802093,8.13654475756615,4.47733391772827,5.67951794019869
1.23615775960741,1.23598871665049,1.23598871665049,1.50779246321895,2.78453042915638,1.61827714544008,1.64461241205079
5.57478007671607,5.02189296022456,4.83443792691907,5.02189296022456,8.50909491040519,4.3959738483112,4.70402422262029
3.76488886126502,3.81671435199505,3.81671435199505,4.44894447881746,3.02375705153698,4.29207193616859,4.79228502314636
1.4664855705833,1.96596342625386,1.11600407346218,1.96596342625386,6.90063053123591,0.971255414944937,1.08686849365943
5.41685899517302,21.2654816372031,5.41716472879714,8.28353144587377,4.02920557942581,6.30094561988487,5.42760855073894
5.00546394184081,4.90262861023817,4.90262861023817,4.07158602986255,9.47865759903436,4.58636212921212,10.9790519910612
7.70976823469097,4.83174033716189,14.9596351726415,11.4596351726385,23.4518046944917,13.274332531637,7.28013188690013
3.50271358579088,3.52416264613973,3.52416264613973,4.42492300519155,2.65640280442162,3.96920918403691,3.46286187107331
1.90405541053927,2.29616798226736,1.9041234903413,2.29616798226736,6.09640897445206,2.0417154783103,9.58633487622733
0.906983887997129,0.835074258177354,0.89585506895516,1.05352070640211,0.907294971041587,1.20709559425627,0.825099993567548
3.84805603595005,4.03143769084433,4.03143769084433,5.08314739444821,2.53813086859943,4.08406571341606,2.73838578592799
8.30536053160292,8.06633090184083,3.6721728895259,2.01338121585548,12.6292004442802,2.80369990374273,1.52095566618879
12.963203324592,12.7729936398394,12.7729936398394,11.6992380536758,15.9666515342515,12.3221797726411,12.8175158589144
3.38449466042363,6.14598159904173,3.38435987744466,6.14598159904173,2.08549420971034,5.0811236354361,3.91928951202236
1.31058913134928,2.14032928142791,2.14032928142791,1.40406216341564,3.61418340916918,2.34612028169474,2.97680936552458
0.996343926245899,3.3503036166549,0.9222774851007,1.89049941900525,2.76625053918801,1.53848291560839,0.961450446198556
0.39844194632793,0.391488749201442,0.502820258009901,0.668557573740696,0.391488749201442,0.379211326776611,1.06332099209728
7.91624047022081,5.8846765306765,7.9162570611107,5.50535136412639,12.4584071322022,6.68374001984823,7.37225735449265
1.82598502960413,1.82609569398113,2.30291984148684,3.24276211536252,1.82609569398113,1.81453012968182,10.1987216089232
2.09878462923211,2.48659239048052,2.48659239048052,4.27513263603489,3.40611316832326,2.65300179685079,2.22261459254642
1.13616242733861,1.13623742790409,2.21492325658992,2.74439022356314,1.13623742790409,1.01743889358395,1.10292559412126
6.56356073434861,7.7540881283738,7.7540881283738,9.61723048751752,3.16962716618704,8.26893559273313,11.0021399141585
2.95424992898321,2.2657796112055,10.9464800884359,7.44648008845094,19.4524830234609,9.30414079067227,3.56166268500028
3.65812203623726,0.661208871951971,3.65802074771476,0.661208871951971,10.3347254690563,1.84537221976984,5.1241339049612
4.81981874113216,7.07005488393559,4.81994146896877,7.07005488393559,3.83739149330375,6.17771319131039,3.91920118718654
9.41818790333615,9.44438386041439,2.64667393675027,6.14667393673709,5.64090979903412,4.41922559884453,2.1491360768168
3.65136496587585,3.65136496587585,3.65136496587585,3.75923518578702,3.65136496587585,3.73820971492602,3.65136496587585
0.0811923976103679,0.0814050610072114,2.42148030888685,3.09987009629404,0.0814050610072114,0.957442591146665,0.145875706634595
0.76987413356891,0.451298003659602,0.298651399769103,0.171503126581956,0.451298003659602,0.970218407124069,0.787090310032649
2.19675925925926,2.16793187587474,2.19675925925926,2.08226061426604,2.19675925925926,2.19653664989031,2.04631525201377
2.9518425032145,2.95184503103472,2.95184503103472,2.92855194052305,2.75499624855058,2.92862640786059,3.08634736379739
8.29635269038734,6.24889909726325,8.29618787405673,6.24889909726325,13.5277313111037,7.34194932854513,4.95685490585726
4.7121586892361,4.71177005355112,0.742478397295078,3.09820780563473,7.81578930086859,1.59084757242922,2.90688387713499
1.46929433312369,1.46650403243773,0.322060330615337,0.673305707793075,1.46650403243773,0.654300017894999,0.328708090313145
1.77479328918194,1.62008860907077,1.77486300571295,1.62008860907077,7.82925265244258,0.854435450290644,1.73663067752183
2.05875248891051,1.98793404815945,1.98793404815945,1.27982572852261,3.39856028503598,1.98470391487029,2.7991464946526
2.2650427786254,1.89803340251013,11.024035971934,7.97429390256427,19.1805765674191,9.86584619094054,10.5551170427771
2.58256625932392,2.58256625932392,2.58256625932392,2.45679978646809,4.48270064327039,2.5122703346033,3.58719773931709
2.45152447335668,0.352876399224771,1.70089701685191,0.352876399224771,11.383953928692,0.709191117234575,0.896464972970408
2.22882262295374,0.588705750317293,2.6172546109146,0.5111581764947,11.7969267938353,1.43802151455204,0.490646783556464
1.33387828236626,1.33389351735975,1.33389351735975,1.07132096161374,5.38912619543363,1.06141319778237,1.96047809891469
1.74835447944961,1.7483805254217,1.7483805254217,1.8022373067789,1.71630823235848,1.87150627537927,1.80048269904202
0.433652225133549,0.709765467990092,0.433652225133549,0.367781772384732,0.816925873671349,0.379681428497771,0.433652225133549
1.63868954424473,1.08904963831379,1.08904963831379,0.845712531411383,3.73696333216525,1.55696697866818,2.40302470184565
3.67566815630148,0.889747947258635,0.889747947258635,1.22680144097994,3.11949648149175,0.88891277017086,0.99489065821601
6.02158583349797,6.02168483530691,6.02168483530691,5.75707401640023,7.6385416062788,5.6835297019784,4.86380088135752
0.991837013871682,3.80152601908015,0.991787305122494,1.18276726058313,0.704482182628062,1.29062140513403,5.19912852078393
2.50264031522886,3.94809232648539,4.77061618095441,1.49016757664118,31.0235093842111,3.2796094101333,3.71323276418636
8.42722950757492,5.60317862838308,1.6809184014468,1.60689783962567,28.0487037753553,0.521553185475415,5.95873660980055
1.04025195824203,1.62361596782347,4.54112554112554,1.88311688311688,25.7593707105902,3.0286468804461,2.96316257110725
6.0336668704586,8.38053507676261,13.5487698264019,10.9909766454352,33.8605701718314,12.397117716343,9.63844748949946
0.762825593962071,1.15424111727254,1.15424111727254,0.27264325323475,4.7434991909993,0.563223377470945,0.318260075554864
1.79879318637051,1.42111421114211,2.76532265322653,1.42111421114211,14.3380741307413,2.06269158000672,3.70429360530831
0.655507035419699,1.64725861232411,1.64725861232411,2.38597768073155,0.655507035419699,0.919011149082639,0.655507035419699
0.717716317541475,0.345073375262054,0.547169811320755,0.59433962262284,0.345073375262054,1.01080434336361,0.615113030868141
2.97821464796948,0.538865578866939,1.51235431235431,0.538865578866939,12.1528455284553,0.644973346958918,0.405333756409693
3.2736286884735,0.588780399602472,1.55665688619309,0.588780399602472,13.3431158115117,0.613315833781071,0.726491110412178
1.78118392337758,0.324966648401781,0.156910078455039,1.67441158720954,10.3086683250659,0.701510910002011,0.849608732772221
4.61043000149534,3.10138619177536,1.8675536740248,1.29127104122568,14.9559471040734,1.12285149101521,1.13487800833249
7.76698786934968,7.76909081968825,3.6721246988248,1.3696956286591,25.9562949664015,2.39041966539713,1.56965218695443
3.25614480561536,8.32862975725879,4.20699568758984,1.54736552556574,27.1697422292862,2.8131436185168,0.976723466473981
8.57813706732588,10.140865964068,12.5518512250616,10.3490250277355,29.1543880745966,11.3707940375847,14.0045114792184
6.50741752181486,10.632126508229,13.4956069571454,11.1563116370844,31.3885207975264,12.2860447429867,15.6256278873757
13.8313288255586,14.5215516793044,3.60118991897318,2.23052079757206,29.3811193975515,2.42386391519793,9.07261489776283
12.89735711908,16.0113097232617,3.62042922306139,2.48644033999243,28.492574590593,2.52425474943562,8.80526926436686
28.6455350675963,31.1062935789364,16.1050187324383,18.6050187324405,11.2477115947847,17.0985887451823,24.69285722851
14.011383663553,24.0093337747907,3.64642416287754,2.90760793137852,29.9576745618793,2.69825178531079,10.0036844667191
10.7339293870213,15.0680056980057,2.38532763532764,1.30720797720556,27.9747488807489,1.21474758866106,9.83383256460546
3.84063729613547,1.98293157084445,1.11729452054795,1.91428843226788,5.08671722113503,1.62278721653585,1.50779200282128
0.505868857238843,0.526914146043966,0.481215702828198,0.380540312371183,0.519959385303413,0.488539207105577,0.400168847615027
2.16345479741456,2.16355120818999,2.16355120818999,2.84481424683273,2.2021545204054,2.29681985610626,1.58028077061803
1.36073222847279,1.36434845298872,1.50524109014675,1.59315164221617,2.62797634265651,1.20294817667219,0.919228220583053
5.75457582701713,5.79253213353424,7.39793196510387,6.30168966475824,26.6151427026498,6.92975081133168,7.10316875731719
5.45168316281604,5.5127450350341,2.27039611974382,3.79642350435887,16.0346503865602,2.90751914108689,2.24395356929968
4.69043172957528,4.67710482796265,6.15843179377014,4.9395230934479,19.4636921975268,5.55147917137371,5.90333100768891
1.75101316715803,2.53154073442457,5.82826927377871,2.66715898561963,31.0219645525885,4.58187136710626,4.74574660442545
6.29491968422636,6.06519214810863,1.94310759711241,1.95517605460885,23.6711500370833,1.77544300080722,1.68707507419893
8.81295329932719,9.4085162181334,15.2248510938136,12.4290590009828,37.717215020279,14.1255867711236,13.8517273761579
3.87786762168442,4.72605643755596,2.73075956721785,4.54040451626074,19.6142473361817,3.35415845515758,2.50348717642527
19.7158555595547,17.5559944669412,19.7158738517348,17.0721004757502,32.969802170083,18.3987531087903,19.7108446529362
10.4049568678344,9.72880371659615,12.0573439423094,9.72880371659615,23.557512476333,10.8398489614853,13.350448491499
4.526946514754,3.44850270698786,7.57233421620561,5.0449283892557,23.0245528415408,6.63174145625547,4.50554041943529
2.33886289401816,5.50844375935985,2.95142262317835,4.78418655135855,14.6191430847919,3.84748887958999,3.23080766605958
1.11354315299498,0.490108803680967,1.06618014504789,1.31642046806785,1.10911186033613,1.16104556480512,0.713452982477114
0.66073624853528,0.594528264515016,0.580849788582161,0.864432979361027,0.655386457127929,0.745813058566879,0.292113930147442
0.766045763787155,0.784376151351875,1.40952380952381,2.01847619047683,4.43369423558898,1.62513750008775,2.43811885517474
2.43873640129138,2.54940282301846,2.54940282301846,3.36731813246471,5.88151796827414,2.70875388397099,1.49919660373112
0.499537622699512,0.455840455840456,0.455840455840456,0.381253561251917,4.73351400180669,0.542778961856638,1.84733759013865
3.20701501187679,3.12924993411859,3.89473684210526,2.44489164086687,12.1858236923578,3.53351030507206,4.21569915859197
1.10007256825425,1.10000512583936,1.10000512583936,0.606309908248849,4.96253761553454,0.680320833196669,1.44821158354911
2.0007364821063,2.18055358484533,2.06451612903226,2.01192145862658,2.37928812402866,2.06445563122481,2.0127643076475
0.905719293717044,0.851041455696402,0.96551724137931,0.839080459770115,1.80123697365077,0.795521458214017,0.91235591286433
0.297079553954986,0.968609740645655,0.538354253835425,1.21687587168757,3.37524972671416,0.884626631859222,0.252828472473808
5.33837326640909,2.17604805151444,2.52747981545559,1.95283544790515,8.99589125640646,2.14117951792283,3.83473353185828
3.25809315156111,3.3272377741824,4.48168542015801,3.33828106296385,12.4253796530482,3.93142561348433,6.55965297536167
2.15095586574926,1.36657681940701,2.15094339622642,1.36657681940701,5.39112697603263,1.50035322242373,1.54527907742228
0.763026680941586,1.17451349654739,1.17451349654739,1.19582199902573,0.699733631937022,0.505828942542255,1.32140190133184
2.18390280745576,1.99319667378317,2.39340669810871,1.47665666237912,10.7969152865746,1.69516658737954,2.26495693776576
4.79007559245611,4.79012345679012,4.79012345679012,4.0927825261198,13.4142172190953,4.5663923789414,5.25085774768295
1.32569349159823,1.65301000259627,0.878341870366768,1.62846614364038,7.67279783282174,1.03244430681461,0.777119224108997
0.916739885837247,0.767099073518576,0.916701116163704,0.843065316246383,4.69186185247549,1.09644392789381,1.85040759623998
2.53463117576278,1.41786711334444,1.90882188721385,1.41786711334444,14.9132727127702,0.898119757115121,2.90893723750397
0.968074584024368,1.30197006524242,1.51720608929257,1.30197006524242,13.5023000735316,0.728053765305284,2.59552367821618
0.813217000031658,0.817887784909067,0.655911745020656,1.41610699532101,0.47118783172962,1.21546199599361,1.6054908114018
1.16909768205209,0.562921526620645,1.98841545663731,0.562921526620645,6.8672770517279,1.24660453623745,1.37442786797202
0.70200826668592,1.17897470066795,0.626273522713652,0.794288625193199,1.85034628124059,0.628076554798299,0.884219232290303
0.665850393220094,1.17637266761892,1.27175861137708,1.55145957624653,3.63211097677745,1.55723079167811,1.56439377647294
4.20790698365496,3.04807271134472,4.71528690319755,3.04807271134472,14.1242802046943,4.01965944167699,5.51512701669454
1.42294507816845,1.41443353748409,0.706423276527865,0.620468013540922,1.2442856959264,1.57602966960401,1.31425060655985
1.46041413589415,1.31767577928679,0.708095815385144,0.769411987243386,1.37492510584566,1.58324246219171,1.55070845402535
2.26062954664076,2.62161470332258,2.62161470332258,2.72804996672797,2.64300836292127,1.91278383372853,1.74008657241268
3.28035729778047,3.28043578132178,3.28043578132178,3.12056179037868,2.32480533067726,2.81007895662915,4.34405710514756
0.870315950721969,1.15152729380357,0.396518406651402,2.80353518131553,10.2456683067829,1.40455688561864,0.442021497942687
2.564256513192,2.04182421550958,1.71008409527863,1.57065666720499,3.65592467877069,1.71285329955399,1.76958036729701
1.92307756938116,1.2444153420114,1.9229770942833,1.02804814742401,5.48080955794958,1.50291724596778,2.09896914198688
1.2899208126717,0.819327563192973,1.28981710745087,2.47946794894171,4.65250298966548,2.12403024756117,0.68437926840676
1.90713398476553,1.88551851295378,1.88551851295378,1.30517483477671,3.85904040673434,1.59026309184566,1.97270213005346
1.11419011721204,0.586815284035448,1.20493767003695,0.586815284035448,6.74251901528703,0.532536411348642,1.48710840844184
0.616425825099858,2.07730106457575,0.616321817654613,2.07730106457575,4.37902787134357,1.39804775110471,0.46224635660947
1.97501027756683,2.19760543630676,2.19760543630676,1.61861359795132,4.48949499602073,1.60030364625484,1.91730485062501
2.08017060499876,2.15396503428958,2.15396503428958,2.61948227566569,2.03711425697276,2.22809514195984,0.610713175257718
0.847045399676797,0.834407903084868,0.732412353814542,1.07064211635151,1.9790576848873,1.07082362940072,0.710509977614729
1.91338017708175,0.850297020741016,1.91330925912814,2.16187542780371,0.906409683376997,1.86910396522331,1.09066882093762
1.83294260933862,1.50222205096589,1.50222205096589,1.3142211261782,3.04472663432626,1.79026050069715,2.25543304869151
0.789516297857727,0.577751064083515,0.786707112136489,0.699977213819819,0.535278103830028,1.35620060624387,1.22186646052395
0.725400657854799,0.740544878720087,0.572234229979839,0.55253646221092,0.647472205041729,0.676449849090588,0.58569546989727
0.776368619824109,0.715787070452014,0.697543066930246,0.7063211898715,0.775637154846554,0.779587427556296,0.67357210175466
0.459067645173648,0.45893467802701,0.45893467802701,0.900596997623602,5.03231017031363,0.618121274924668,1.33122408210378
0.53765604430054,0.587226897837097,0.494818397157521,0.507846427161948,0.724593263656579,0.553903051889954,0.4329238631419
0.251074933795275,0.191281210796811,0.191281210796811,0.427329934034136,3.99245594866126,0.398873487826136,0.383921412762758
0.735035386177501,0.724732766509383,0.4533156157198,0.440259785599421,1.60280861152947,0.570462779345579,0.549234790381474
0.445290529971222,0.445254391312823,0.490217238187233,0.713231002974975,0.646756784953207,0.538925156316618,0.852252056747256
11.4769661922866,11.4765875561257,11.4765875561257,10.5305323925593,19.1854691093415,10.88600741546,16.9442361967327
0.941711143960602,0.76822776481847,0.76822776481847,0.506060968558725,2.73618936539267,0.62345305365363,0.57297528870497
1.15219312747098,0.858612426208428,1.65453854696359,1.87956631012917,0.858612426208428,1.15806156512957,0.907257942403938
1.88150795386553,1.75627220593207,2.14503223673334,2.52980657959993,1.29506777979831,1.8988389543894,1.06516096991451
6.79265740786544,6.5197265192161,6.79261462604175,7.81146662379077,3.55890893903714,7.21918807169732,6.71019506844699
1.62660954314903,2.05498281786942,2.05498281786942,1.80737990531805,4.19326772883474,2.01005876655596,1.36187293893126
1.67746586996696,1.15921031922308,1.67737654728867,1.99120633451879,1.24756237441251,1.83457299287728,1.98005766325248
2.47044188464122,1.27102206117623,2.42779494831077,1.27102206117623,11.8906273150976,1.68719944233509,4.8286814664219
2.53227202487685,1.4284373724958,4.90444716442268,1.4284373724958,13.1685986512108,3.26084223187951,2.56383330684299
3.41530484488142,1.85426293373704,5.16807103379542,1.85426293373704,11.6214870835532,3.53761886330041,4.249152914305
1.1894814597069,1.03978013787963,2.90565803366251,1.03978013787963,9.8793425326158,1.4466627336561,0.834489984507336
1.86083186194824,1.58843159065744,5.04560622914349,1.58843159065744,12.0476346267094,3.37721831027483,3.67562177467551
2.50421385079584,2.42406051732552,5.40126891166423,2.42406051732552,11.8845003301467,3.94576575640165,3.75936590971778
1.6135667362702,1.17372057871802,1.91967177715396,1.17372057871802,7.41146620600302,0.603672707892575,1.70744823178916
0.979979205976186,0.960347701839315,4.14193855679924,0.960347701839315,11.2497373324181,2.50406403037774,3.35853607691011
2.53350374044477,2.46106814727176,5.88750082622777,2.46106814727176,14.0415641172194,4.20305441858806,3.69893264490624
1.29647068837908,1.4159587101505,4.30218324655157,1.4159587101505,10.4181537783373,2.84971271616675,3.84886985185962
2.08383619010985,2.19936813914395,1.3598373023683,2.1401626976307,9.89525761101528,0.41381675944355,2.41312573008492
1.31532516678206,1.31823323153476,3.65569505712024,1.31823323153476,11.2524933964084,2.1813000906868,1.26043470187942
3.69076801780402,3.44486702752867,3.69064359113034,1.6576527852563,8.85362517099863,2.93699491976098,4.52625655234164
1.66348394614546,1.60740833542281,3.98229349369415,1.60740833542281,10.362767206607,2.91209181727495,6.58969695793731
1.6366082686387,0.75497541559426,3.34410364473582,0.75497541559426,10.3746103451917,1.99871626670698,0.601318866165072
1.13490180247132,0.877007064868738,4.34039820166988,0.877007064868738,12.3515055347765,2.61614050936973,2.53148034849185
1.86967541673835,1.46547590507751,4.73555502277631,1.46547590507751,10.9507947029207,3.19500700123227,3.95650469919853
0.920079649080142,0.909652486154702,3.2582313918812,0.909652486154702,10.1867130639,1.80683000529983,0.835759537794867
2.48821283565132,0.826496159388868,4.32649615936524,0.826496159388868,11.8699695629075,2.65728669377867,2.11829224031121
2.52576872588605,1.30280858703309,5.29959623149394,2.21036339161459,11.2316681181221,3.86216561232616,6.10691450568013
1.0103150420637,0.972838923024931,2.52716107699575,0.972838923024931,9.17800838450638,1.01904383150132,1.93866559313012
1.30122520846611,1.1019231774839,4.94495412844037,1.44495412844472,12.8074473826228,3.15582990062683,4.37559576955412
2.068570118118,1.6208165997553,5.11378848728246,1.6208165997553,12.8433419954327,3.42667470222119,2.77193455212893
0.341252896046381,0.813550002842262,4.07781847781848,1.21029711029648,9.3906964495482,2.66891974323345,5.35575664144616
4.45500962942941,4.56803559206023,1.24626967830253,4.56803559206023,7.26007166727061,2.72112214688063,10.5129693974377
1.91753911742989,1.90253748558179,4.19586872182028,1.90253748558179,9.16435677764686,3.30131879899019,6.60113419379635
2.00166000588262,0.434296626989092,3.65794990621207,0.804424583433788,9.65985811736148,2.49110400545504,4.62820572938664
3.82218977736936,2.46322925785264,6.23323866081418,3.07664170752573,14.4032239283526,4.96523313597204,10.1485499373747
0.617884914358007,0.609818363147366,3.24196933010492,0.625665859562062,11.6845273702701,1.66929884077993,1.82249335875157
0.497742684804169,0.493722777350857,3.73558800922367,0.493722777350857,12.03960754171,2.06642233938896,0.504215341141725
0.850830124240947,1.29158028220499,1.33050097362365,2.1694990263773,8.48254245936292,0.556848556891692,0.893564494751345
0.936133893155637,0.98500517062087,4.39296794208893,0.98500517062087,11.4788004136505,2.65448027889052,3.29689229794866
0.246220373650553,0.24072124243536,3.66763183293849,0.24072124243536,11.4462732710879,1.83785158625186,2.8900725402999
1.63457594740607,2.09369951534733,1.78136779752289,1.55842757135373,8.31511926256771,0.376056215684728,0.890493748140571
2.15793541415685,2.09299963059564,1.48272995936461,2.09299963059564,8.43028490952746,0.578540194249211,1.16312090601826
0.639803419362531,0.585122897800363,3.33385079775765,0.585122897800363,11.3933896456383,1.67067460700373,0.816444645956253
1.5733745772577,1.61749069643746,1.88250930356194,1.61749069643746,9.75491759702286,0.279543839211056,0.753912622492605
0.199178059797638,0.200235769619402,3.37262826990008,0.200235769619402,10.0699119661337,1.6424860383717,3.94452618838172
0.741574805614743,0.864227642278783,2.71269543464665,0.864227642278783,10.7806791009087,0.860731566908027,1.76952393996866
1.09960434932553,1.07610789980562,2.42389210019268,1.07610789980562,10.0544939363029,0.633003646000415,1.99632913974791
3.2673778295191,2.88890585241722,6.36173027989822,2.88890585241722,14.5110252956144,4.86574798724898,0.966212278425794
0.945705430167332,0.557891737893386,2.85903133903134,0.557891737893386,8.4459192223898,1.39890511772099,2.52694582832727
6.36581789607145,5.8809364548495,3.82073578595318,1.11906354514673,13.8592169978618,2.60094736786229,1.50544113279424
2.06462359393567,2.06669778538458,2.06669778538458,2.06521964628433,5.82359347971334,2.02644176138203,2.92926479990864
4.42799996959366,4.42791418470628,4.42791418470628,2.88665310669247,6.35005825663114,4.03846830947602,5.51303663779346
2.03246687558478,2.02907289983008,4.43416635583737,2.02907289983008,10.0545450556202,3.25368995797925,5.87685213571486
5.76789941673092,5.76777469990766,5.76777469990766,4.47951292703727,7.17905056758477,5.43722800131127,6.43303332387285
4.96159513620641,6.33695459841518,4.96150481189851,4.38965441815063,6.40862539241418,4.77505955108597,6.05006290798655
0.986603624901497,0.997122361197859,0.986603624901497,0.818754925142542,0.986603624901497,0.966869321605711,1.24700555642336
5.64627894314711,5.64620434387876,5.64620434387876,4.48100426007403,8.20846017015647,5.10850199109066,6.63366841887638
8.9754243483149,7.70676561960649,10.1774249223334,7.70676561960649,15.9414404353388,9.11740140740412,1.96483263689501
2.52297130080885,4.88699203231006,2.52279521674141,1.88812593423019,5.20783874087751,2.43731911974162,5.39441674724661
1.64413481468862,1.79060437427203,1.79060437427203,3.01442992106902,1.64151675941504,1.9489507532313,1.64141040090733
5.31220077837669,8.65654130509169,5.31216931216931,4.46924603174798,8.45427948957362,5.0902445284702,11.7490592125841
3.65056719516571,2.85136668106566,3.65041248060116,2.44972637424158,7.69774805290898,3.34522430566271,7.36016467340367
6.53450499305407,10.0324195370874,6.53443526170799,5.46670259908605,10.0483749374705,6.26704004041891,6.76314121200206
0.52285985619319,0.52285985619319,0.52285985619319,1.55416497083578,3.36420152106426,0.803150771011127,0.511349612631093
6.61860473216526,3.8845095428079,6.33963604083444,3.8845095428079,13.0968068718832,5.26744291687328,3.22215716205603
2.79344569461897,3.39605236034043,6.35662749948464,3.39605236034043,13.1738998629755,4.69098148115921,5.94748776674298
1.41730322543821,0.883358232607602,3.76476979492055,0.883358232607602,11.6604005720175,2.38601492669303,2.33650344905345
2.59446386766928,3.02172523962875,6.03407880724175,3.02172523962875,11.7530038213368,4.45410714780102,5.73819522436772
4.37861756377387,4.00644134981703,6.67897564283106,4.00644134981703,13.7009090602287,5.28597909441709,5.90457183894585
3.79171084654855,4.27270267344951,6.91200346357831,4.27270267344951,12.0158431648447,5.63573821879922,7.43487240668572
1.88179612139582,2.1283617487806,4.67642189108158,2.1283617487806,10.1296607782595,3.39774177902124,5.28091901943787
3.52401370819204,3.78162871640039,6.77351448819558,3.78162871640039,13.7356628901403,5.11084610043648,6.41643413490204
2.70673916091177,2.45387778633353,3.8365353996391,1.95929306867138,7.69075344817898,3.16675374586808,5.53791425446271
3.72784726934851,3.34190441576775,6.61554303713126,3.34190441576775,14.9402429334445,4.95503984017839,4.44439143880531
0.655429455011837,0.67084770565386,2.42500261314937,0.67084770565386,9.21215698571683,1.14731026981344,1.97894814144766
1.33345188894532,0.842804342807504,3.41510741510742,0.842804342807504,9.77000529941706,2.0998395156343,2.60338813298223
0.402953987031691,0.39827196678253,3.48781828173658,0.39827196678253,10.65224184563,2.09521647469196,3.35812199240431
9.56748418179067,7.22627826942799,9.56735496558505,7.22627826942799,14.0573775232807,8.40052268218653,10.3674629705247
2.75044550320252,4.33580722891566,4.33580722891566,2.89662650605376,7.7988830616584,3.38627807633269,4.61449861601022
2.9303023307437,3.61142560619624,6.37833757901689,3.61142560619624,12.3579915974315,4.978138930077,5.84676857341754
3.8974306701695,2.36387662251125,4.82483607654222,2.36387662251125,11.0562101998567,3.74110402019797,2.55329279724336
5.79817308320058,6.00932038836146,9.3095145631068,6.00932038836146,16.695648201028,7.70372952712423,8.34287212361245
5.34122090658582,4.42664023715515,6.58898532090432,4.42664023715515,11.252276867031,5.69648594963905,0.519001019314085
5.40301253432237,4.53041327124564,6.84982537834691,4.53041327124564,12.4373074025885,5.75936238087351,4.81876860230965
10.4520390961043,8.57247855495908,10.452027358954,8.57247855495908,13.4216253103668,9.55554633816372,11.0293936646303
3.7673934881522,3.74035669846537,3.74035669846537,2.24149730401784,6.93473540390856,3.3183944338571,5.42206394561591
1.42723521489629,3.70970006381707,1.42744097000638,3.70970006381707,4.30778933143136,2.2791076058413,6.08919218173501
3.70070033892198,2.02849447123448,3.70059540686136,2.02849447123448,8.18445938057673,3.00444987373777,2.54094552379631
3.06765499755883,1.11676845735178,3.06751422992231,1.11676845735178,9.01312647706471,2.01582762959409,1.76579160979638
3.51995554548627,3.66227382818065,6.13306738851688,3.66227382818065,12.4049847891857,5.1290483017381,1.10760252976306
0.555286041376619,0.392604804535094,2.81896687078034,0.392604804535094,10.5631690264424,1.68812852435299,3.20363783278247
17.3623896099592,32.0771654298508,7.28428487167694,8.64779512516121,24.450400483188,7.60600952932988,30.990765389467
14.9821593701499,28.0923025807912,5.52287066622726,6.55278617587,29.8049216167249,5.56553426702957,34.0438657353475
20.7847520035719,35.3105423086938,7.68087005330161,9.02178312794396,25.1039517918404,8.00586781259362,35.166921637225
19.6671191571671,37.0118835305915,5.81878666690686,7.18016549272517,31.0343441781772,6.14005062219598,41.8237953074377
5.31680321607305,5.90367212510442,13.4973141865002,11.4099317718193,30.6051357994727,12.6494745265692,11.2906247635949
3.03107383784287,8.42056656413186,15.3700193146863,11.870019314683,45.2174064668431,14.018791177672,5.6926996532134
1.70663350563034,1.4242474885336,1.4242474885336,1.52180008541771,1.28051384686316,2.0260913856811,1.68523422997569
0.709433769750151,2.28191885835002,0.605042740563702,0.606496135049556,2.36781199928788,0.768103981443811,2.0205115324908
1.46144501630054,1.55330132818071,1.46144825564351,1.61206391087975,1.93502370379904,1.57489246207954,1.48865830829541
1.98116980066637,1.6979608318191,1.6979608318191,1.90965071673733,1.87927494053862,1.89560791298836,1.73705431913584
5.31216521943187,6.76668465577854,4.50410820376691,6.18575401339907,6.73712913303357,5.11230780222322,17.361470355379
1.155,1.20675627332888,1.155,1.47979166666667,1.155,1.50578742100826,1.66771388909276
4.47684370622995,1.30108508227849,1.17323775388292,1.4205495818399,1.16769414575866,1.46495740725396,1.47536551787112
1.05706295370701,1.05706295370701,1.05706295370701,1.01261454241965,1.29286498208312,1.13791753571719,0.965760870281359
1.87341410407952,1.62271489692727,1.62271489692727,1.80579541034617,1.79271613019514,1.78290500991358,1.92000320111731
2.75797880696684,2.75778141348038,4.08018744066735,0.913217798785921,23.4925367104971,2.41793355355338,0.465519363003724
1.85285369534879,1.85275650313946,4.69407645070033,1.19407645070485,24.2762040890132,3.0405202319973,1.21385544401372
2.06086689459967,2.06079533624818,10.8752862794087,7.37528627941299,30.3255436616483,9.19868061134686,6.40270754346936
7.27259514782091,7.59754735596151,1.15770609318996,4.62425328553533,10.1474180273463,2.90316943715869,3.45343628274045
5.09126736266086,2.29745889388669,5.09118086696562,2.29745889388669,11.1609011317531,3.46143767765436,6.64337456361164
2.44609641915998,2.40548016102784,2.49810749432248,2.81295735553873,3.19093441254683,2.36668092977328,2.45459908958894
3.81651703891659,2.57532055421559,2.86612332575183,2.79394743492545,2.50848058941311,3.06494861883152,3.82874919509063
2.95458293020925,1.22871345756601,4.46751629678459,5.10968285358529,0.790668717497986,3.59824155588586,3.47353934145299
5.70135380338917,5.70144766413236,5.70144766413236,5.7342621814183,5.89906122066142,5.73330969147103,5.14185617955458
3.19946867009757,3.34842119795673,3.34842119795673,3.15331439954301,6.42233656330455,3.26156898056287,3.48496971271214
5.12860257276767,5.12866980790141,5.12866980790141,4.47237324312352,9.3305359615617,4.58370263320439,4.91769462318625
3.21962987709246,2.7045192749498,2.65459463705362,3.16086875411156,3.56034617537165,2.8376974220672,2.63971759058483
3.28266780483284,3.33586445566844,3.33924147131694,3.52297911732057,3.82126583155743,3.28057970822587,2.74124011090445
5.79931023554339,7.52593832278118,5.79924874791319,5.42557039510645,7.70215510699651,5.76324646515169,7.52883772876555
2.97177241817915,3.1039577320092,3.1039577320092,2.98860949399042,3.52492094764978,2.98822611611593,2.99615444514261
1.36563492855419,1.86124806879407,1.36565656565657,2.26767676767677,3.56127124907613,2.07651780335897,3.1766514647016
1.92424684250471,2.00934532204484,1.29941066551675,2.22387523358092,3.79866567100341,2.0179012054998,3.02925018962551
1.75992959452296,1.79446795805957,1.29873695771554,2.20908841295991,3.64775451709201,2.01380061995385,3.17521338445872
1.46327481842582,1.89437603710469,1.46329365079365,2.32800099206349,3.28905342624855,2.14740623156745,1.43203932673065
10.2209791324517,6.47361809686037,5.54327808471455,7.81430325352977,10.3578371188868,6.52699978355035,10.3052269121772
1.42971547052746,2.29878456501957,1.42979452054795,2.29280821917808,3.10620614767791,2.0410137344372,3.08127157154879
1.45916447163661,2.13253271864457,1.45920356446672,2.28989139515455,2.99081035923141,2.03634998179718,3.06976605794274
2.04391608046649,2.49712667189665,1.30296127562642,2.16408504176158,4.17526899642573,1.92064411124045,3.87699282150636
0.759175093630187,0.978156259436285,0.759206798866856,0.848441926344256,2.2201340427002,0.7546914844873,0.685395008795916
0.68183298337274,0.681904761904762,0.681904761904762,1.03885714285394,2.77658536585365,0.743191614714434,0.745257238373853
1.3276728350331,1.3276702847255,1.3276702847255,1.6549473021928,0.940158150991609,1.69630657296297,2.4509595851718
2.23419710583506,1.50504931323477,2.33281842071868,2.27476287591633,1.4664048167724,2.20136980249725,1.87420177127834
2.07480772357087,2.12617574617458,2.12617574617458,2.03918358274036,1.89396272520994,1.95430922531423,1.80005674969523
1.62307890438663,1.62295251309728,1.62295251309728,2.23076089229875,0.879829161416697,2.26832863021589,3.46876808386996
2.24096326859444,2.24089064755723,2.24089064755723,3.40069968313878,0.944323325353835,2.99137142754011,2.50602796639919
1.41143773713713,1.32172816336219,1.42351706036745,1.66367454069094,1.37165354330709,1.45154531118601,2.38230118583705
1.03531758318933,1.03527887403031,1.03527887403031,1.70973111370225,0.937346598611809,1.56452220000024,2.0925913784596
2.05186858561511,1.38647031779849,1.63514719000892,1.73996431756852,3.35748157190479,1.47153622235786,1.67512043445486
1.08654881604089,1.08663626806945,1.08663626806945,1.1795988385287,0.497880651605572,1.31765102642095,1.09397212004835
1.02498585949794,1.02505708246912,1.02505708246912,1.6025136021271,0.915969142073575,1.50002828277364,2.17504399036103
0.741952280508174,0.741945993382409,0.741945993382409,1.04891065876473,0.535250545928332,1.04275211306085,1.58338437453526
0.637722175231675,1.26716093414605,0.637738716686588,1.26716093414605,3.83778108419416,0.530652037549509,1.33916518919889
3.23770427156805,5.44886608770131,3.23783095949927,5.44886608770131,2.53534258213599,4.1432955966704,2.77993050615414
0.854146339425657,1.29351081686688,0.854215084303399,1.29351081686688,7.31068884679707,0.708521069727506,0.669228663458528
1.78747648287851,1.7876515370531,1.7876515370531,0.983004721985403,4.29754659342778,1.21990910592887,4.01305902704777
0.8660125323172,0.866083392275823,0.866083392275823,0.890998127019968,2.93005857150737,0.656984140573163,1.35463665038475
0.62936843630474,0.62936843630474,0.62936843630474,1.25977230969484,0.684154091875748,1.12788855598165,2.01363740008755
2.65066638999821,2.65100426794033,2.65100426794033,1.47827122915657,5.93177245216819,1.8464434703875,14.9902313592198
0.800256412719249,0.770821349073317,2.9794037465923,0.520596253406331,25.365045769452,1.10541083717099,1.74396529049719
0.690401566991806,0.686451718479372,3.02465405990079,0.442797110636152,25.3405085599194,1.15559081000327,1.85270736507332
1.3921683603268,1.57107300707317,2.87871255763176,0.966741721984187,23.7455408416704,1.33806713503906,1.03056409125222
0.87369420702754,0.87369420702754,0.87369420702754,0.775403608736942,0.87369420702754,0.792914553077155,1.01699382299141
1.01675977653631,1.01675977653631,1.01675977653631,0.9245810055863,1.26005586592179,0.955428191851751,1.17671828643748
0.773809523809524,0.773809523809524,0.773809523809524,0.681972789112844,0.773809523809524,0.721932812650311,0.885377654312184
1.18817204301075,1.18817204301075,1.18817204301075,1.01075268816929,1.30099846390169,1.07481220261511,1.19147171554381
0.955598455598456,0.955598455598456,0.955598455598456,0.938223938225486,0.955598455598456,0.877938743064793,0.923578541181242
0.696969038185835,0.696902654867257,0.696902654867257,0.907817109138975,1.16703539823009,0.910992950718262,2.61507319397228
1.05254770319947,0.877030337742713,0.94300518134715,0.841968911914608,1.05423143350604,1.50162205824241,5.1985026461378
0.928914513350616,0.928888888888889,0.928888888888889,1.58444444443946,0.928888888888889,1.14487325009067,1.17692358125145
0.783687943262411,0.783687943262411,0.783687943262411,0.723404255316259,0.783687943262411,0.735121518768379,0.798522664034831
1.16952264381885,1.12431682847432,1.16952264381885,1.11627906976604,1.16952264381885,1.13156812550378,1.13325363921644
0.593253968253968,0.528543420504482,0.593253968253968,0.557539682538232,0.593253968253968,0.600513090430791,0.553402611446098
0.693820224719101,0.718164794007491,0.718164794007491,0.553370786516854,1.45823970037453,0.603867497944642,1.46422237154154
1.02998186085442,0.819052470640453,3.49134081960311,0.890165132860468,22.4289333075583,2.05252257203929,2.09616516866163
0.999986325567854,0.910948825185156,3.23404979059039,0.954158428471205,21.3127755679623,1.94282971657427,1.52193309635198
1.02998186085442,0.819052470640453,3.49134081960311,0.890165132860468,22.4289333075583,2.05252257203929,2.09120883551331
0.999986325567854,0.910948825185156,3.23404979059039,0.954158428471205,21.3127755679623,1.94282971657427,1.5310792247261
1.69305674397817,1.60316851505848,4.8090571640683,1.44843355605235,29.2730693320296,3.18731260758012,1.21015109703563
4.61512869393054,1.88596644553583,1.1437074829932,0.712797619047619,3.12043719926995,1.18173812500089,1.66297717329024
0.99655143168819,0.46741491673497,1.01375814627082,0.46741491673497,7.78439095035412,0.5338588539001,0.781832925367043
2.22718931725345,0.82451346278863,2.2271714922049,0.87156644394952,6.93682437937964,1.30329413787038,1.05147025262743
0.75869514757372,0.783763728109231,1.246660730187,0.783763728109231,11.0739960471733,0.525819666963308,2.65233426419411
0.564373897707231,1.36187570913086,0.564373897707231,0.455320399765129,2.50125464217606,0.566466333597576,1.01373473621377
0.96721012547617,0.712944591835267,0.96722621902478,1.23161470823341,0.779863913747052,0.997332500190996,1.58035925150338
2.15283409974496,2.19904470215192,1.36950904392765,2.18604651162767,17.4191718661373,1.57601693541852,6.99130025119892
0.827863155604771,0.633837516325252,3.95480162729071,0.645100088331524,16.6443038604611,2.27636453733072,0.509825850428573
6.53256454514876,4.01672251621858,0.314820314820315,3.37298287298193,24.3093535776462,1.51988376795688,4.24159679319688
2.6867418060328,2.63466218627355,1.64362519201229,2.3335893497204,9.21521611529479,1.9084897531003,2.07838949722886
0.832308470752658,0.838050838050838,0.838050838050838,1.17105117104901,1.25064637259759,1.04219998361719,1.00138340604341
2.83762725606039,2.83752860411899,2.83752860411899,2.22883295194193,9.88558352402747,2.41559739221348,3.55227292319023
0.88740140709868,1.8420975486008,0.887451138967516,1.37289392099964,2.60932581686132,1.28061780391677,1.03007571898263
3.29609166921643,3.16945080867427,3.29616026711185,2.82053422370145,2.84584110772857,3.15667909015034,3.02246376512286
1.85313368330065,1.85319865319865,1.85319865319865,2.21380471376165,1.36961774608833,2.2466092927043,1.70480200345558
1.27948823934878,1.27954860874116,1.27954860874116,2.151741633103,2.0036482820553,1.92506895948052,1.04970862120678
0.887530633253536,0.887453874538745,0.887453874538745,1.06273062730471,6.80101476014758,0.897310098100981,8.25642169927701
0.583262437116178,0.494350282485876,0.494350282485876,0.498587570621473,2.71840981121173,0.334850341542156,0.248203157333468
1.89815943975812,1.78244126220796,2.04006439933636,2.57333550013672,12.3838868438656,1.92155989348935,2.0214999413478
3.23766274527951,3.45205378480888,4.65623378633,3.57096012233628,17.4816158600413,4.43350726496446,1.81369755008433
0.882676350259645,1.38097537399645,0.882676346817726,1.25957128641533,6.79330343493414,1.37253566275342,1.32725514819247
2.63889987310231,4.05624937348628,2.41095693345178,4.02876739761517,2.72218841098061,3.04825665381929,2.38812555364066
2.80280217471331,2.92942942942943,2.92942942942943,1.9294294294288,3.83453453453454,2.19541709604957,3.28054364043452
1.5163806981352,2.13685978167596,1.51637279596977,2.13685978167596,5.89739714525608,1.62577665827036,1.56806605918854
0.799770345580882,0.568864260681672,2.96324713460263,0.568864260681672,9.39022449559534,1.28578982954642,1.43374414701614
3.86704119670403,4.05042245843554,4.05042245843554,2.96007086399466,5.30962115017717,3.228338158674,4.04949254584088
4.65766073910776,4.39398998933688,1.89635284139101,4.41670907537646,3.02442748091604,3.17773039997014,1.2247037917368
2.25260873967606,0.215869093087692,3.45308170448588,0.215869093087692,9.52970867969745,1.68071191106431,3.0717671634782
1.02430678281646,0.965813729593541,2.53418627046361,0.965813729593541,9.30337047736965,0.749057935622274,1.09068464741817
1.05432599040359,0.793022973874037,2.83954658422744,0.793022973874037,10.0943929199249,0.972154710925073,1.52064361844426
1.41302987130555,2.16428767789549,1.33571232210451,2.16428767789549,7.0644357038635,0.508898709920227,2.29978989325072
1.40220228351089,2.00451763334106,1.49548236665695,2.00451763334106,7.6712328767432,0.3719906732731,0.645840126538881
1.45103716949383,2.88967136150399,1.45106536655832,2.88967136150399,3.44640664499821,1.97315274743386,1.65315364602208
1.31170969817063,1.41138917197702,1.21396720861631,1.18464018656814,1.31154558550567,1.32630709399147,1.09448813152048
3.15320234883107,3.1261365387579,1.41531823085221,3.1261365387579,7.62804746494066,1.86288428994639,1.36858805191915
3.60736395356947,3.60743531775935,3.60743531775935,3.07201708111029,2.89359122498534,3.16428613155256,4.02038758122149
2.30847185250851,2.30860074536566,2.30860074536566,3.64975073809068,1.43638739654422,2.72798072391592,4.53307695184722
2.73246642771002,2.052130175132,2.73252089680494,2.69725021477648,1.94216597661641,2.51463298267502,1.94785799819672
1.24223774207615,1.24273626694251,1.7497679106655,1.6080077451449,1.24273626694251,1.64906563361368,1.36682034415972
1.57881218758032,1.15828310925668,1.15828310925668,2.27464843143388,1.87299490032452,1.36786396658376,0.21955931381297
1.94253184801189,1.94277953236895,2.45997582563263,3.03596911919227,1.94277953236895,2.62998616019101,2.22166270717619
0.50966177094189,3.4993382491965,0.509548118737001,1.87918321044062,6.98941198714313,0.797480823175789,0.358129830488883
0.968798724248289,2.51422764227644,0.96869918699187,0.343031358885016,5.69747967479675,0.502200024683851,0.692004109322928
0.963104724171446,0.968339864402563,0.968339864402563,1.99710766931288,2.86914225290788,1.52370182900003,0.802515977927366
1.64210799097949,1.39847617181562,1.64212782049666,2.15809487787795,1.82825328795327,1.78140550306955,2.94005690037562
2.26058566849384,4.06331897943623,2.2607306570357,4.06331897943623,2.834810390332,2.92800386021681,18.7703062240436
1.43795568769024,2.67149075123701,1.43795568769024,1.51748424998685,2.62369929921429,1.40092951440504,3.72484658266492
1.18981992811541,1.18990177029361,1.18990177029361,1.44311312609098,1.38875395797352,1.35407341396376,1.4127554257088
1.83598438487103,1.83605785401951,1.83605785401951,2.75102589975634,1.78783720147999,2.10888891365966,1.26014129257558
3.02920523675037,3.08808903623017,3.08808903623017,4.80902202226182,1.69077801457626,3.73108732217708,2.53401921946951
3.13107023970542,2.38337218337221,1.5990675990676,1.29829059828856,9.17777777777434,0.584092622637492,0.927287427505213
1.02978154425691,3.92786750706474,1.02984038861901,3.24462179038906,5.90744082041792,2.0064086759742,5.48816609336435
1.61147775845249,1.0952819756727,2.38751689396732,0.354896178897753,8.90468116476226,1.3904640828486,2.30177129007661
0.886781277152806,0.886746987951807,0.886746987951807,1.37974756166612,3.61301204819278,0.756782845668388,0.891944645912405
4.53144693255782,4.17715469843849,1.7400828892836,4.17715469843849,4.51284783893058,3.1140830400715,1.37370531550826
0.691681188261131,0.691738663956181,0.691738663956181,1.67352758483875,5.75558190750468,0.890828824826245,0.625144581634129
2.97790765774394,3.49562544629225,2.9779382270357,3.52896109105844,4.55042920176494,3.07692086243644,5.06872829219834
4.80917562748031,2.85855341422793,4.8091839162503,2.85855341422793,16.0293480847014,3.62425184543848,5.05498131901822
3.26277263600879,3.34402063039291,1.72417153996101,3.32553606237888,1.0514619883041,2.30376214974264,2.30836660468118
1.25153434328743,1.26587301587302,1.26587301587302,2.1329365079328,0.920634920634921,1.56504750048935,1.47027506868679
0.504291458500739,0.473668212368097,2.13419913419913,0.469696969696969,12.5666666666667,0.72382360973731,2.69592605691773
2.35703786339351,2.39842632331902,0.373390557939914,2.39842632331902,7.9428469241774,1.33559384982504,1.20203370743877
2.72190337340651,0.955555555550996,3.41555555555556,0.955555555550996,17.2324444444444,1.74763223503936,3.45738664104667
0.103130856871266,0.167332536713838,0.0678528347406514,3.43214716526467,3.92332232874105,1.36774216368619,0.238496629941898
0.0617494547345033,0.177307220878511,0.323788546255507,3.17621145377832,4.46323407638038,1.12384700973839,0.61967292343757
2.10881331040886,1.71049986747087,8.19004524886878,5.81975867271078,18.003810431055,6.85894737040447,5.85801566722815
5.06883813174942,2.31957933374147,8.175,7.37954545454622,15.1338516746411,7.53571325470677,1.81520206887206
0.0730609191751847,0.099664991629268,3.58793969849246,0.099664991629268,12.8838931499603,1.7056070326047,3.22525348821832
5.35233665581378,0.825659981340749,5.35221238938053,5.30884955752985,10.7413134606426,5.12462637629261,7.38600666632048
3.53497822564088,3.53491055972302,3.53491055972302,2.27611079053664,6.83074680353511,2.97334358654325,4.73127108977
0.788372110737313,0.78996138996139,1.12818532818533,3.76332046333324,0.724121113594808,2.37788457517123,2.4171386695691
0.761009044205179,0.762509928514694,1.03415409054805,3.81135822081187,1.22402909577359,2.3598340512564,2.12657192202699
3.25088349998592,3.25257380763489,6.75257380763489,3.25257380763489,16.0241770716355,4.89799402263674,5.86774871921525
2.80617336690943,2.56264313270163,2.80606909664023,2.03195490290415,3.23583682143341,2.28991257513425,2.1246933225443
3.16440167617173,3.254329423337,6.75432942333651,3.254329423337,16.0802137712148,4.90553747068281,5.78394862938854
0.909365359347849,1.36557923373024,2.98664425870071,1.36557923373024,6.40050579430803,1.89078551709492,2.07779673706257
2.32490072012333,1.60234498415584,4.25536398235969,1.10239231560577,12.0826421033554,2.44398814875369,4.5519830947998
2.09619362893621,2.3854495030323,5.9897946110027,2.4897946110083,15.2759552849956,4.12934577809823,5.32303447830009
0.333228058800924,0.443280164365811,2.50854505606642,0.958661595360629,10.4925548503726,0.515735993051707,2.93924003208873
3.49187259436772,2.52512999247483,7.39108073395533,3.89108073396281,17.357148238621,5.4594593879505,7.11929547187727
3.78046636300304,3.72694430684749,2.49586008971221,4.78013109918348,5.3697682296312,3.8428975631889,2.34243367512463
6.42766900523328,6.4357151757496,13.2992104577533,9.79921045775459,24.758007060152,11.5073961998065,10.3618435233824
2.19272992584768,2.12560801895772,2.77843493786883,1.6617707875213,12.8521438163708,1.01773937936063,1.86017442553585
1.89673319471421,1.8841685762499,5.28258524801978,1.7825852480234,14.704967195811,3.35383128868828,5.12691908473125
2.0530166156172,2.04010480596733,6.9071510115793,3.40715101158063,16.8350334919194,5.08267596922265,5.22696762937099
0.750933521814069,0.75033292306452,5.64652650269365,2.14652650270713,15.8011036904017,3.77514733975727,4.64456302228631
2.44127388090378,2.28566730392303,5.54080660981879,2.04080660983062,15.0281107972156,3.59576005891938,5.47255535420572
0.537666373257622,0.434505511555586,3.64138339070568,0.318126075734127,13.1138174880236,1.64706095560866,3.78069093759912
1.2662169626958,2.25810318505747,1.19445163992703,3.66517490536825,1.45676831588831,2.41103598250622,1.63744391338896
3.43870062898276,3.26434448982445,4.28367346938775,2.32335600906584,5.74931159066498,3.35919260531549,3.00548342086604
1.10177793456954,2.25354474756249,1.67719774679698,1.15631259831361,4.76207070517669,1.18445772766277,2.31452971408206
1.77514508512235,3.68717121045255,0.903330357033879,3.05344429205045,1.96395380476453,1.93154773638417,1.39528057556179
0.585877319159761,0.585886515787415,0.585886515787415,0.953668298904715,3.15650904167747,1.07121947765234,0.889670716324222
14.3454838397084,12.6340222058702,14.3453714950473,12.6340222058702,17.7835924730479,13.5689666672625,15.4248567998473
1.32024948986476,1.32463155623609,0.27470855843048,0.335079613308717,2.69348128636828,0.27765618336944,0.882583930249491
2.39607931650446,0.669707925616088,2.71629180366523,0.669707925616088,6.68499925195166,1.55453072569825,3.03431376376954
0.764707593805562,0.615408830486678,2.18706996573217,0.615408830486678,6.87115552027313,0.919464331176087,2.33918357395788
1.06178153319811,1.06180625630676,1.06180625630676,2.24907500841349,4.07208295714058,2.0741923382181,0.962438103142941
0.956732670279972,1.47357357353817,3.72972972972973,1.47357357353817,7.10135135135135,2.78013715190676,4.36234317514886
2.61160714285714,3.5714285714254,2.61160714285714,3.5714285714254,3.96670386904762,3.12198824842437,2.57572046908376
1.56072392448855,1.56068890103882,1.56068890103882,2.31519956260252,1.60091795919542,2.1312213119468,2.98652434598191
3.67059645148565,1.86402990951386,3.67060212514758,1.86402990951386,8.50885478158207,2.35459449531032,3.40598706470834
0.64678218932825,1.07158809923497,2.41206030150754,1.07158809923497,10.2478558204332,0.720479308684017,1.11022659790964
4.78339922482734,4.89302791917578,8.01573345673299,4.89302791917578,16.5393092866363,6.3076209888106,7.38963355493365
3.1076817188327,0.785977752203198,3.09459459459459,3.6621621621611,4.81009957325744,3.65803112961803,4.88973961422847
1.12135907979782,1.23969072167937,3.81958762886598,1.23969072167937,9.47938144329897,2.29074582579619,3.73674994261792
5.10788742926534,5.05607604069025,3.25648801539628,0.594477168017728,7.96139573287333,1.79265346077182,2.90103255151848
5.67199205069209,5.6715205824699,1.9792775133016,3.38154578549426,11.5347610134269,2.33631128206685,1.97346132244598
1.31245891044523,0.612910481333121,2.20344129554656,0.612910481333121,6.89010227999148,0.935447630761751,2.35392045383619
1.22549177600952,4.02970732612716,1.22536945812808,0.932266009862595,4.39231834975369,1.27564814723249,23.2204241465183
2.12179303545959,3.79587330556126,1.92,3.17461538461254,1.12323886639676,2.71654433723299,1.15076636119619
2.71222633004699,2.71219843696908,2.71219843696908,4.29272850830776,1.73156642881414,3.59741975748666,3.02483686140959
1.98323296099161,3.61450192285183,1.9832526981764,3.61450192285183,1.74906469747126,2.83712498883288,1.44584063337777
4.29801813549248,3.98614182642857,4.29797551218329,5.11474118076188,3.74889460285457,4.84343123108302,4.94015671511536
2.19327934661489,2.19335205992509,2.19335205992509,1.39934456928839,4.87974016853933,1.62700469251481,2.51260230201979
2.05908865304798,2.38466287229733,2.05908392808745,2.38466287229733,7.33332270481596,2.12515025824939,1.98986368806374
1.43994914580915,0.623553382240877,1.439934800326,0.623553382240877,4.99892420537896,0.623939376418296,1.92177029563332
0.726336948609152,1.76904836348883,0.726315789473684,0.518947368423467,1.72012663236069,0.395889820151389,1.17278824759391
1.64360587002096,1.76507277614599,1.64360587002096,3.28996816523842,4.03383721357903,2.34128215614112,1.8843650634369
0.313718974779227,0.313682425923785,0.528108503833853,2.97189149616615,5.27504334758987,1.12714304453075,0.284026307289635
2.34929456420876,1.72145181825357,1.22636363636364,1.02757575757554,1.94836363636362,1.06838704149548,1.22574718579759
0.0779742260322206,0.103632209687573,1.40340909090909,2.09659090910821,7.31232112794613,0.128188653580214,1.1909671762566
1.89401341396386,2.66484898418237,4.90739167374681,1.40739167374454,16.9607689039932,3.02014925173382,3.52497219030422
0.681625419962429,0.681674287724235,3.07492085824833,0.249208582485084,12.2190421533961,1.38596436801628,2.71868151111812
5.88453194379637,5.71072109449548,9.43553629469122,5.93553629468575,18.7768147345612,7.73399311411981,5.70197319182849
1.6100307628502,1.61018010963195,1.09334377447142,2.40665622551911,7.48336973993324,0.732543985498608,2.07772784012771
1.086606447846,2.97483029965173,3.52964652223489,3.69194222731047,7.54939086599052,3.39991422602843,4.92324147129144
0.663106673459864,0.728181818181818,3.36272727272727,0.306363636364392,13.2747846889952,1.58930691592977,2.76116203595079
0.329586750572412,0.329613733905581,3.29442060085837,0.457939914167855,9.94388976733681,1.71961544019317,2.88701679483173
2.10518719742798,2.5296906503399,2.10526315789474,0.659064327484669,6.98836565095209,0.990452694797391,1.79497629227087
5.83776778704547,7.05892148082715,8.04133545310016,9.27106518293286,5.70830892812315,9.00875096915839,5.02127724410872
0.240850519522151,0.188604473712021,0.234126984126984,3.26587301588969,4.33293650793651,1.50214531932804,0.377016921069516
0.470527351561567,1.10187185025198,0.470482361411087,0.109386249100072,5.35601151907847,0.0865398569494827,5.94666319076897
0.348059183922519,0.0408060453400504,1.72065491183879,1.77934508815987,9.38264616200451,0.102348967146039,1.34430435719144
0.401933227879197,0.317718714057205,1.7879424115177,1.71205758848609,9.61808164680436,0.0387578437645734,1.31441646344642
0.241865556988393,0.295208777330492,0.241850185492146,0.280290472780427,4.27266184712104,0.351040254813206,3.24103580495597
0.0833877782746632,0.0834643193964162,1.36089280100597,2.1391071989961,8.14048875725938,0.443496517328011,1.51372411572411
1.40397207298661,1.40397271748235,1.40397271748235,2.25960272825176,2.14063848144953,1.99233619901152,1.30585037142555
0.885870374418895,1.48442343235032,0.700924974306269,0.490027026017247,1.70000540920647,0.631757271243562,0.894535614501537
0.51571342756744,1.64106361283083,0.515713492504164,0.606718489727929,2.21855694205944,0.611577411354359,1.98469868988676
1.37556183811945,1.37652321230456,1.62412268388546,1.64042906606458,1.37576649723692,1.39583984062089,1.6403045052731
1.8602406344712,4.93695677239368,3.8544933949372,5.60756816555476,1.87800443272253,4.31204926824232,23.5893674683859
5.30456536820766,2.15094844623579,5.30442477876106,6.3575221239406,6.05519329296691,6.0221753290438,6.34655527848159
7.18362713728301,6.52918353576264,3.92307692307692,6.52918353576264,2.75873641593863,5.51675300996167,4.48892737205017
5.38539281324479,5.41169553134157,3.08980115458627,5.41169553134157,2.20596873839506,4.32005237642865,2.87358372781455
4.41636144490901,1.01921913004473,2.40409906063194,5.11263877029314,5.4440918692975,4.10465729192627,3.12976672844778
3.44284253051536,0.623677520774394,3.44278307005909,5.48251537441215,3.88232942176979,4.37154067872788,2.5570982433036
4.76946124754624,10.1432776247991,4.76954824316788,7.0335192414947,4.12863474917075,5.66426916529063,5.11127842631173
2.42534187514529,2.37339055793991,2.37339055793991,2.70886981402003,2.70499209396883,2.81735720680649,3.87157431417013
2.11412215322366,2.11393432388563,2.11393432388563,2.75939567983534,1.52233671330279,2.77908002405359,3.35437689607785
1.07632719573345,1.07567453625632,1.1420741989882,3.29637436764761,0.882666193307883,2.08059601032724,2.61638386723074
3.28900542920944,3.00646616116093,1.60977212971078,3.09750219105366,10.3254647354583,2.44598978273906,1.71951906502209
2.66580670605772,2.68952922077488,2.1148538961039,2.68952922077488,10.0475264866712,2.15011748120301,2.41428999279827
3.8896295138783,3.52439024390068,1.56938603868797,3.52439024390068,9.57177637112125,2.50661487689542,1.72344640591738
4.42770908129151,4.39359182439089,4.42763695829926,1.7661488143115,5.79446572276972,3.79313616334074,4.17046005118148
1.13345928952403,1.28785513581018,1.13331251951296,1.28785513581018,4.49731337397505,0.812891909661117,2.50399344165022
0.687645687645688,0.809350577996543,0.687645687645688,0.833851333847867,3.14362245941193,0.768624300179187,4.99802356084024
2.06484327339209,8.21045838222981,2.06469373709566,3.02902041753275,4.59035751802079,2.75407312564572,4.93284150611058
2.09702512104194,8.61068278541286,2.09833694866233,2.97987466860088,4.97446436046732,2.73775874417298,5.00187664895532
2.3965126228656,3.17975304434808,2.39626666666667,2.58106666666667,5.03121403508772,2.66700280676411,2.60196404807054
2.07120032910102,1.59955598217175,1.86235038084875,0.782251239267033,10.7171696924575,0.456584570049915,1.14681375085221
4.08532635076707,3.44287769784173,0.962589928057554,2.54287769785488,1.5920787580462,1.89350123144193,2.60495148957796
1.4108515207883,0.64713778469818,1.41075604053001,0.64713778469818,8.11076014275751,0.492872379702178,0.568007705685776
1.55628465229905,3.04672192916353,2.83195177091183,0.706480783722684,13.4592472137389,1.27779495314419,2.72838073933719
2.92785246386366,2.76365475385695,6.26365475387728,2.76365475385695,14.3579160308053,4.43876857437409,6.2157448884833
4.9395061684764,2.20037664783428,2.20037664783428,3.92423101067653,0.571830706710277,3.42948794635137,4.25808462949005
6.88520550795255,8.75813032444002,6.88512598211867,7.18382552157739,10.6186456387514,6.42245505513779,9.19906677582323
1.44409930736366,1.664039408867,6.28226600985222,3.37192118227532,17.0488981073373,4.81577058171361,1.47490342989444
2.39926153646643,1.54603268108088,2.39919982218271,1.11769282063383,7.1215123828687,1.12247696999578,1.65776888915326
10.5918659594235,10.1384648677047,1.21883881445392,2.12308837461091,3.58924717396414,1.92762892269193,4.05774260256827
4.37354740103805,3.63076142950139,4.3733228097869,4.48105761643533,8.68396128443566,4.39738490437486,5.88146823369182
5.09551346328267,1.98845398577661,1.45273719415596,3.45194508011741,1.44056365169216,2.10847454943608,1.33432116220546
1.58689355076496,2.190700823218,1.58664747165737,1.88078099694079,3.94492484585587,1.9012453307802,1.34740546060286
0.310151654795332,0.259503491078479,3.19550038789759,0.259503491078479,12.59691315177,1.59149810605195,0.354225053119951
0.605550041694324,0.735419630156486,3.92460881934566,3.29729729732817,9.52953507524144,3.17603451806969,4.71501894714884
3.1003970478462,2.71494639478662,2.26466260248056,0.949863359229259,13.2230286668953,0.661848854638287,0.604446342536442
1.42024091480246,2.08287862688992,0.959679215860994,2.54032078420263,6.79098615328698,0.591763476514641,1.02457507093264
1.81516824707324,3.1526576019651,1.81520395550062,3.1526576019651,4.90927721033114,2.30069134230895,1.74918424597178
4.09531442255728,1.21428571428742,1.54744676452346,1.21428571428742,7.05629848862388,0.397051238806133,0.911535194848428
0.743174409393837,1.35842056968067,0.309613928841787,0.241970368768249,1.44047287029079,0.282724707803995,1.48560810991744
0.724366150587569,0.724191866527633,0.724191866527633,2.0379735835983,2.4513747873333,1.43695494778819,2.04324535569096
2.11751284666964,2.0354594437199,0.789427697684578,2.0354594437199,5.34820997447748,1.05756078328082,1.02299053736881
2.70730278169376,0.945742369925106,3.90331974373908,0.620753251791469,12.5838518836404,2.31659125201203,3.1660557896929
2.38237656899096,0.742666944039941,2.38246307468275,0.742666944039941,8.88446125715788,1.53111339165848,2.1880404956474
1.36895321760381,1.3963373276057,1.3963373276057,0.347614741118049,6.34618084891179,0.8158179190599,1.62753727519791
3.28956957772922,4.26283117664303,3.24158125915081,0.504392386530015,13.102026662534,1.59673307921545,2.91738332112086
0.722558807071105,0.846015086913135,4.34601508691374,0.846015086913135,13.6003348811517,2.55338898502777,4.05117179123306
1.69666663396894,1.90394332000102,1.6912095323741,1.55425659471911,1.95414260696706,1.77455450421104,1.37561457476691
1.72014614683193,1.78734915155413,1.72020725388601,1.51813471501228,1.73458257041568,1.83295954111454,1.13162415466014
1.6661025884634,1.41503708698329,4.91503708698584,1.41503708698329,13.0188806473365,3.0856790508729,4.84723634367382
4.75033735457229,1.32180595581172,1.32180595581172,2.98270893371856,0.337428585873907,2.51875279447116,3.26103965143256
0.820043371447922,0.819512195121951,0.819512195121951,2.03641715728639,1.04436279934486,1.79832601747622,3.22475436307488
7.80098883753327,2.54451406090631,2.54451406090631,3.85261547428238,1.05713321625498,3.43708726719272,4.23093129609391
1.86110898823117,1.46989219037602,1.46989219037602,2.66048733456043,0.3933736523797,2.82915303212317,3.16272670748808
2.88238954281749,0.942279678294655,0.75,2.96801242236025,4.62558025498529,1.54572941394823,0.865504417873639
1.53940028592517,2.04585421061727,1.53929195110335,1.80100015875942,5.78613146614751,1.80480937119647,3.58724379640081
5.6229603789793,2.80196618721333,1.8468882602546,2.16867043847242,6.10317873892653,2.25210622473301,2.86880758431423
0.997859783943154,1.42567567567568,1.06081081081081,2.47447447447717,7.41137189821399,0.8771213928394,0.879866385711147
2.67879194711661,2.52975839717148,0.69917501473188,2.76252209782617,4.79336600194351,1.34461882038657,0.787021724806546
0.817246834777341,0.656966490297051,2.50793650793651,0.656966490297051,10.8669108669109,0.943389474607711,2.12066390017332
0.81668051928613,1.12419993904572,2.010667479427,1.12419993904572,8.25792842361925,0.903143521963062,1.52782697575929
1.16541834395893,1.13403125921557,2.30816868180478,1.13403125921557,12.3568113737603,0.893572243485854,10.5886616282889
3.24127607123341,5.70889634256876,3.24121328839673,3.34641309583245,5.38932671109647,3.17406224589631,5.49284664605238
2.50190010399948,3.19062166620141,0.803025894675589,3.19062166620141,4.76578411405295,1.85896097914109,1.10791935877009
1.33426917122577,8.86015538290788,1.33441475283873,0.981089387863267,3.41216012797297,0.776668307160505,1.47510706332873
0.639769452449568,0.639769452449568,1.02474995761994,0.58670961179861,0.7572737573719,0.595337423070742,0.639769452449568
0.225105062401615,0.220204347578324,4.52397130992827,1.62646281616691,13.1402304976351,3.04238867524526,3.41943905455567
1.44178518557604,1.27865525780916,7.22168813689675,3.72168813691054,17.4673196331022,5.4650035369051,5.08079106126427
2.41087919227254,0.340790655884883,2.41078167115903,0.340790655884883,8.9711114634533,1.28032520392613,2.73101925906863
2.67369032024535,0.664630383813036,2.67357768727632,0.664630383813036,9.42732902120492,1.56421108736794,2.02569510511792
0.247423984757028,0.221397348970159,4.52397130992827,1.62646281616691,13.1420069726645,3.04280323903962,3.40682992377592
1.36289414062182,1.0597152044104,3.87322002756086,1.0597152044104,11.7796211732281,2.47859156947189,3.57392524692315
0.191296923997914,0.307081464862878,2.26233183856502,0.307081464862878,9.19849643893432,0.997541741792793,2.87609193716711
1.52607297956726,1.46816663392015,4.57928866181961,1.46816663392015,13.037855582398,2.90398731951298,0.806014635029569
1.78296178846423,1.85372430064593,4.52173913043478,1.85372430064593,12.2973889252364,3.08121261201153,7.5633347799103
5.62705897948088,2.73079833516893,5.62693908437382,2.73079833516893,13.2289955709866,4.41498254571147,5.09035057028197
1.82684815325764,1.75845410628019,1.75845410628019,1.02234299516908,3.16453537936914,1.64825489091864,2.53677061550931
1.01184304512892,1.01928309421857,5.29871151765516,2.84179207239545,13.7690220378735,3.95148727320563,4.85476860113747
1.70187528056104,2.61793139981459,2.61793139981459,1.70851542843513,3.91938738149213,1.71003570230788,1.43305943171439
4.23731618359426,5.19884432358939,5.19884432358939,4.06390210739508,7.6214309993082,4.41345777641631,5.91475877012274
1.32604787345436,1.32618231466419,1.04868696258424,0.881710434582641,1.32618231466419,0.899801672495692,1.48002250395761
3.98401825819367,3.98404048267808,3.98404048267808,4.13526664074121,4.84928474114441,4.43560600025896,4.1524807980146
0.45742007166653,0.535845251191786,0.535845251191786,0.59589292258535,0.82958035386872,0.394890755778786,0.686958007751891
0.433127502573983,0.92313829787234,0.92313829787234,0.723563829730422,1.14883643617021,0.330445244101478,1.22289285483182
0.510651993737173,1.34164172030013,1.28415300546448,0.817547055244462,2.60815118397086,0.655411665851881,1.8523006837572
0.58359160528391,0.549677419354839,0.76,0.70399999999298,0.549677419354839,0.625091573270039,0.596079305141208
0.662393162393162,0.662393162393162,1.0042735042735,1.17378917379199,0.662393162393162,0.673815826287915,0.656352891554343
1.04709751245446,1.04936659266031,0.991902834008097,1.03036437246322,1.04936659266031,1.32469797245648,1.00051351544355
0.682548371319885,0.690820683111954,0.661764705882353,0.623161764705882,0.690820683111954,0.735148301266816,0.658993622432669
0.668793642754775,0.668947082276187,1.7064606741573,1.98174157304056,0.668947082276187,0.759569412701282,0.723829419429874
0.933588284013607,0.958761499020402,1.10764430577223,1.22126885076421,0.933521211816213,1.19373428123727,0.985525785527437
1.48118369743452,1.48103395667146,1.35765659735844,1.4410226232538,1.48103395667146,1.35961088751082,1.47801683869119
0.64415313840411,0.678799713597605,0.811218512009373,0.782317906657899,0.678799713597605,0.672057849722555,0.392962428283543
1.00488099847894,1.0051721475992,0.586536976995523,0.589547630075288,1.0051721475992,0.715120045061876,0.948614506428998
1.16688654353562,1.16688654353562,1.16688654353562,1.16187335092292,1.16688654353562,1.16643842029109,1.16696037025325
1.0722252769659,1.07231090995691,0.973702839464094,0.979274271781023,1.07231090995691,1.13512704223967,1.03478017574678
